episode,score
0,0
1,0
2,0
3,0
4,0
5,0
6,0
7,0
8,1
9,0
10,0
11,0
12,0
13,2
14,0
15,0
16,0
17,0
18,2
19,0
20,1
21,1
22,0
23,0
24,1
25,1
26,0
27,0
28,0
29,0
30,0
31,0
32,0
33,0
34,0
35,0
36,0
37,0
38,1
39,1
40,1
41,0
42,1
43,0
44,0
45,0
46,1
47,1
48,1
49,0
50,0
51,0
52,4
53,0
54,0
55,0
56,0
57,1
58,2
59,0
60,0
61,1
62,0
63,0
64,0
65,1
66,0
67,2
68,2
69,0
70,0
71,1
72,1
73,0
74,0
75,1
76,2
77,0
78,0
79,2
80,1
81,0
82,0
83,1
84,0
85,0
86,1
87,0
88,2
89,2
90,1
91,0
92,1
93,1
94,1
95,2
96,1
97,4
98,0
99,0
100,1
101,0
102,1
103,1
104,0
105,2
106,0
107,1
108,1
109,1
110,0
111,1
112,0
113,0
114,0
115,1
116,1
117,0
118,0
119,0
120,1
121,1
122,1
123,0
124,1
125,1
126,2
127,1
128,1
129,1
130,1
131,1
132,1
133,1
134,1
135,0
136,1
137,1
138,1
139,1
140,1
141,1
142,1
143,0
144,1
145,1
146,1
147,3
148,0
149,0
150,1
151,1
152,1
153,2
154,1
155,1
156,2
157,1
158,2
159,1
160,0
161,1
162,2
163,1
164,2
165,2
166,0
167,0
168,1
169,2
170,1
171,3
172,2
173,2
174,0
175,0
176,0
177,2
178,1
179,2
180,0
181,2
182,1
183,1
184,1
185,1
186,0
187,2
188,3
189,0
190,1
191,1
192,1
193,0
194,0
195,1
196,1
197,1
198,1
199,2
200,0
201,1
202,2
203,1
204,0
205,0
206,1
207,1
208,1
209,1
210,1
211,0
212,0
213,1
214,0
215,2
216,0
217,1
218,2
219,3
220,1
221,0
222,0
223,1
224,1
225,0
226,2
227,0
228,1
229,2
230,3
231,0
232,2
233,0
234,1
235,1
236,3
237,1
238,1
239,0
240,1
241,2
242,0
243,2
244,2
245,1
246,1
247,1
248,2
249,1
250,2
251,1
252,0
253,2
254,0
255,0
256,1
257,2
258,2
259,2
260,1
261,1
262,1
263,1
264,1
265,0
266,1
267,1
268,0
269,0
270,1
271,1
272,5
273,1
274,0
275,1
276,1
277,1
278,0
279,2
280,0
281,0
282,1
283,0
284,0
285,0
286,0
287,1
288,1
289,0
290,1
291,1
292,1
293,0
294,2
295,2
296,1
297,2
298,1
299,1
300,1
301,2
302,1
303,0
304,0
305,2
306,1
307,2
308,0
309,1
310,0
311,0
312,2
313,2
314,1
315,1
316,2
317,1
318,2
319,1
320,2
321,1
322,0
323,0
324,2
325,2
326,0
327,1
328,1
329,2
330,0
331,1
332,1
333,5
334,2
335,1
336,2
337,0
338,0
339,1
340,0
341,1
342,2
343,2
344,3
345,2
346,0
347,1
348,0
349,1
350,0
351,0
352,0
353,4
354,1
355,2
356,0
357,2
358,1
359,2
360,1
361,1
362,2
363,0
364,0
365,0
366,5
367,1
368,1
369,2
370,0
371,0
372,3
373,2
374,0
375,1
376,1
377,2
378,4
379,1
380,0
381,2
382,2
383,2
384,1
385,1
386,0
387,4
388,1
389,1
390,2
391,2
392,2
393,0
394,1
395,2
396,0
397,1
398,1
399,1
400,4
401,1
402,0
403,3
404,1
405,1
406,1
407,3
408,1
409,2
410,4
411,1
412,1
413,0
414,1
415,0
416,2
417,1
418,1
419,2
420,1
421,1
422,3
423,0
424,2
425,1
426,2
427,1
428,2
429,2
430,1
431,0
432,1
433,0
434,2
435,1
436,1
437,2
438,1
439,1
440,1
441,1
442,1
443,1
444,5
445,4
446,2
447,1
448,1
449,2
450,1
451,1
452,1
453,3
454,2
455,3
456,1
457,1
458,1
459,1
460,2
461,2
462,1
463,1
464,0
465,1
466,0
467,1
468,0
469,1
470,1
471,2
472,0
473,2
474,2
475,2
476,1
477,3
478,1
479,3
480,1
481,1
482,0
483,1
484,2
485,5
486,1
487,1
488,1
489,2
490,2
491,1
492,1
493,1
494,1
495,1
496,2
497,4
498,1
499,2
500,1
501,1
502,3
503,1
504,0
505,2
506,4
507,1
508,1
509,1
510,2
511,0
512,1
513,1
514,4
515,3
516,1
517,2
518,4
519,0
520,1
521,4
522,1
523,1
524,2
525,1
526,1
527,2
528,2
529,0
530,2
531,1
532,1
533,1
534,1
535,1
536,1
537,2
538,1
539,2
540,2
541,1
542,1
543,0
544,2
545,4
546,1
547,0
548,0
549,1
550,2
551,1
552,4
553,2
554,1
555,2
556,3
557,1
558,2
559,1
560,0
561,2
562,4
563,0
564,2
565,1
566,0
567,2
568,1
569,2
570,2
571,1
572,5
573,2
574,2
575,1
576,1
577,2
578,2
579,2
580,1
581,3
582,0
583,3
584,0
585,2
586,0
587,1
588,0
589,1
590,2
591,0
592,0
593,1
594,2
595,1
596,1
597,1
598,1
599,2
600,1
601,1
602,1
603,2
604,1
605,1
606,5
607,2
608,1
609,1
610,1
611,1
612,2
613,5
614,1
615,3
616,2
617,1
618,1
619,3
620,3
621,3
622,2
623,2
624,1
625,3
626,4
627,2
628,0
629,3
630,3
631,2
632,1
633,0
634,2
635,2
636,0
637,2
638,2
639,1
640,1
641,1
642,1
643,5
644,0
645,1
646,1
647,0
648,1
649,1
650,1
651,2
652,3
653,0
654,1
655,2
656,0
657,2
658,0
659,1
660,1
661,0
662,2
663,1
664,1
665,1
666,3
667,2
668,2
669,3
670,2
671,1
672,2
673,3
674,2
675,2
676,1
677,1
678,1
679,4
680,2
681,4
682,2
683,0
684,1
685,1
686,2
687,1
688,1
689,2
690,4
691,1
692,1
693,3
694,0
695,1
696,2
697,1
698,1
699,0
700,4
701,0
702,3
703,3
704,2
705,1
706,2
707,1
708,2
709,2
710,1
711,1
712,2
713,1
714,1
715,2
716,0
717,2
718,1
719,1
720,1
721,5
722,2
723,2
724,4
725,2
726,0
727,2
728,2
729,1
730,0
731,2
732,4
733,0
734,0
735,4
736,2
737,2
738,2
739,0
740,3
741,2
742,0
743,4
744,1
745,0
746,2
747,1
748,2
749,1
750,1
751,1
752,1
753,2
754,4
755,1
756,1
757,3
758,1
759,3
760,1
761,2
762,1
763,6
764,3
765,0
766,1
767,1
768,2
769,1
770,2
771,1
772,0
773,7
774,0
775,1
776,0
777,1
778,2
779,0
780,9
781,2
782,3
783,3
784,2
785,4
786,1
787,0
788,3
789,3
790,2
791,1
792,5
793,2
794,4
795,6
796,1
797,3
798,1
799,2
800,0
801,1
802,4
803,1
804,3
805,2
806,2
807,1
808,1
809,2
810,0
811,2
812,4
813,0
814,1
815,2
816,4
817,1
818,2
819,0
820,1
821,2
822,0
823,5
824,2
825,1
826,4
827,5
828,6
829,1
830,4
831,0
832,2
833,2
834,1
835,3
836,2
837,0
838,2
839,2
840,3
841,6
842,1
843,2
844,2
845,3
846,1
847,3
848,0
849,2
850,3
851,3
852,2
853,3
854,4
855,5
856,0
857,3
858,1
859,5
860,1
861,0
862,3
863,2
864,2
865,2
866,1
867,0
868,2
869,2
870,1
871,3
872,2
873,2
874,3
875,2
876,1
877,3
878,1
879,1
880,2
881,1
882,1
883,2
884,3
885,1
886,4
887,1
888,3
889,0
890,3
891,3
892,1
893,3
894,2
895,1
896,3
897,2
898,1
899,2
900,1
901,1
902,0
903,0
904,4
905,1
906,1
907,0
908,2
909,6
910,0
911,1
912,1
913,0
914,2
915,3
916,3
917,2
918,3
919,2
920,3
921,0
922,1
923,3
924,4
925,0
926,6
927,4
928,4
929,1
930,1
931,1
932,2
933,2
934,4
935,1
936,2
937,3
938,1
939,5
940,1
941,3
942,1
943,0
944,1
945,2
946,2
947,2
948,3
949,2
950,4
951,1
952,0
953,1
954,3
955,3
956,2
957,2
958,2
959,2
960,4
961,0
962,3
963,3
964,3
965,2
966,0
967,7
968,0
969,1
970,1
971,1
972,1
973,2
974,1
975,8
976,1
977,3
978,1
979,1
980,2
981,2
982,4
983,0
984,0
985,3
986,4
987,1
988,0
989,2
990,0
991,2
992,0
993,3
994,1
995,0
996,1
997,2
998,1
999,2
1000,5
1001,1
1002,0
1003,2
1004,2
1005,5
1006,10
1007,2
1008,5
1009,1
1010,0
1011,3
1012,3
1013,3
1014,1
1015,3
1016,1
1017,0
1018,3
1019,0
1020,3
1021,1
1022,3
1023,2
1024,4
1025,5
1026,2
1027,2
1028,4
1029,3
1030,6
1031,3
1032,1
1033,6
1034,4
1035,4
1036,3
1037,3
1038,3
1039,2
1040,1
1041,0
1042,0
1043,2
1044,1
1045,2
1046,1
1047,5
1048,1
1049,2
1050,0
1051,0
1052,6
1053,0
1054,5
1055,0
1056,1
1057,5
1058,1
1059,0
1060,1
1061,2
1062,1
1063,1
1064,0
1065,2
1066,4
1067,4
1068,2
1069,2
1070,0
1071,1
1072,4
1073,4
1074,1
1075,0
1076,0
1077,4
1078,1
1079,1
1080,1
1081,2
1082,0
1083,4
1084,2
1085,2
1086,0
1087,3
1088,1
1089,2
1090,1
1091,4
1092,1
1093,2
1094,1
1095,1
1096,2
1097,0
1098,4
1099,2
1100,7
1101,3
1102,4
1103,0
1104,3
1105,4
1106,2
1107,0
1108,4
1109,1
1110,2
1111,4
1112,2
1113,4
1114,1
1115,3
1116,1
1117,3
1118,1
1119,1
1120,4
1121,3
1122,2
1123,4
1124,5
1125,1
1126,2
1127,1
1128,5
1129,5
1130,8
1131,2
1132,1
1133,2
1134,0
1135,2
1136,1
1137,3
1138,2
1139,1
1140,2
1141,3
1142,0
1143,0
1144,1
1145,1
1146,0
1147,3
1148,1
1149,4
1150,2
1151,2
1152,2
1153,1
1154,4
1155,1
1156,0
1157,2
1158,1
1159,2
1160,1
1161,4
1162,2
1163,0
1164,3
1165,0
1166,3
1167,5
1168,1
1169,2
1170,1
1171,0
1172,2
1173,1
1174,3
1175,3
1176,5
1177,4
1178,3
1179,0
1180,1
1181,4
1182,3
1183,0
1184,4
1185,2
1186,7
1187,2
1188,1
1189,1
1190,2
1191,1
1192,1
1193,3
1194,4
1195,2
1196,10
1197,0
1198,4
1199,3
1200,3
1201,4
1202,2
1203,2
1204,0
1205,2
1206,4
1207,0
1208,4
1209,2
1210,2
1211,1
1212,5
1213,2
1214,3
1215,2
1216,1
1217,2
1218,5
1219,5
1220,9
1221,7
1222,0
1223,0
1224,3
1225,0
1226,4
1227,1
1228,2
1229,2
1230,1
1231,1
1232,2
1233,0
1234,5
1235,7
1236,3
1237,6
1238,4
1239,9
1240,3
1241,0
1242,4
1243,1
1244,1
1245,2
1246,1
1247,1
1248,5
1249,6
1250,2
1251,2
1252,5
1253,1
1254,1
1255,6
1256,4
1257,6
1258,2
1259,1
1260,0
1261,5
1262,4
1263,3
1264,2
1265,4
1266,1
1267,1
1268,3
1269,1
1270,2
1271,0
1272,5
1273,4
1274,0
1275,0
1276,2
1277,2
1278,7
1279,2
1280,2
1281,1
1282,2
1283,7
1284,1
1285,4
1286,2
1287,4
1288,3
1289,5
1290,3
1291,3
1292,2
1293,5
1294,0
1295,0
1296,3
1297,1
1298,7
1299,5
1300,4
1301,7
1302,2
1303,1
1304,1
1305,3
1306,4
1307,3
1308,4
1309,0
1310,6
1311,1
1312,3
1313,3
1314,1
1315,5
1316,6
1317,2
1318,2
1319,4
1320,0
1321,2
1322,2
1323,1
1324,5
1325,3
1326,1
1327,1
1328,5
1329,1
1330,4
1331,3
1332,1
1333,0
1334,5
1335,0
1336,2
1337,2
1338,0
1339,0
1340,5
1341,3
1342,6
1343,2
1344,6
1345,1
1346,4
1347,1
1348,6
1349,3
1350,3
1351,1
1352,8
1353,2
1354,8
1355,0
1356,0
1357,5
1358,5
1359,3
1360,2
1361,3
1362,1
1363,4
1364,4
1365,4
1366,5
1367,5
1368,1
1369,3
1370,7
1371,4
1372,1
1373,0
1374,7
1375,1
1376,2
1377,3
1378,4
1379,6
1380,3
1381,4
1382,2
1383,3
1384,7
1385,1
1386,1
1387,4
1388,2
1389,4
1390,6
1391,0
1392,3
1393,2
1394,4
1395,2
1396,14
1397,8
1398,4
1399,0
1400,2
1401,3
1402,2
1403,7
1404,3
1405,2
1406,3
1407,3
1408,2
1409,0
1410,4
1411,1
1412,0
1413,4
1414,0
1415,5
1416,3
1417,7
1418,7
1419,1
1420,2
1421,5
1422,1
1423,3
1424,0
1425,2
1426,5
1427,3
1428,2
1429,3
1430,8
1431,3
1432,2
1433,0
1434,3
1435,3
1436,4
1437,4
1438,3
1439,2
1440,4
1441,5
1442,2
1443,1
1444,14
1445,0
1446,2
1447,3
1448,4
1449,3
1450,1
1451,6
1452,3
1453,0
1454,1
1455,4
1456,5
1457,7
1458,4
1459,2
1460,2
1461,4
1462,8
1463,4
1464,10
1465,0
1466,2
1467,2
1468,2
1469,4
1470,0
1471,4
1472,0
1473,0
1474,6
1475,2
1476,4
1477,5
1478,2
1479,10
1480,3
1481,3
1482,5
1483,4
1484,2
1485,3
1486,5
1487,1
1488,3
1489,3
1490,1
1491,0
1492,2
1493,1
1494,4
1495,4
1496,4
1497,2
1498,2
1499,1
1500,4
1501,0
1502,5
1503,5
1504,3
1505,0
1506,1
1507,5
1508,8
1509,15
1510,13
1511,1
1512,8
1513,6
1514,1
1515,1
1516,2
1517,2
1518,0
1519,4
1520,3
1521,2
1522,8
1523,8
1524,6
1525,2
1526,4
1527,6
1528,5
1529,3
1530,2
1531,4
1532,1
1533,0
1534,2
1535,6
1536,1
1537,2
1538,4
1539,5
1540,0
1541,4
1542,21
1543,2
1544,0
1545,2
1546,3
1547,4
1548,10
1549,3
1550,8
1551,3
1552,0
1553,2
1554,3
1555,8
1556,8
1557,2
1558,6
1559,14
1560,2
1561,1
1562,14
1563,0
1564,1
1565,6
1566,22
1567,5
1568,5
1569,5
1570,1
1571,12
1572,1
1573,9
1574,2
1575,6
1576,7
1577,0
1578,0
1579,21
1580,2
1581,3
1582,5
1583,1
1584,15
1585,3
1586,0
1587,1
1588,1
1589,3
1590,0
1591,1
1592,1
1593,5
1594,2
1595,2
1596,5
1597,3
1598,2
1599,9
1600,4
1601,7
1602,6
1603,3
1604,13
1605,5
1606,4
1607,1
1608,1
1609,9
1610,4
1611,1
1612,3
1613,7
1614,0
1615,4
1616,2
1617,2
1618,0
1619,3
1620,2
1621,4
1622,7
1623,0
1624,2
1625,2
1626,1
1627,4
1628,3
1629,3
1630,1
1631,4
1632,5
1633,2
1634,4
1635,1
1636,1
1637,7
1638,4
1639,4
1640,4
1641,1
1642,2
1643,1
1644,4
1645,9
1646,8
1647,5
1648,7
1649,2
1650,3
1651,5
1652,1
1653,5
1654,2
1655,10
1656,5
1657,4
1658,3
1659,0
1660,2
1661,2
1662,0
1663,8
1664,4
1665,8
1666,6
1667,2
1668,3
1669,2
1670,6
1671,15
1672,2
1673,4
1674,6
1675,9
1676,0
1677,16
1678,0
1679,2
1680,2
1681,1
1682,1
1683,6
1684,0
1685,4
1686,0
1687,3
1688,3
1689,3
1690,7
1691,4
1692,10
1693,5
1694,7
1695,2
1696,5
1697,1
1698,4
1699,0
1700,3
1701,6
1702,11
1703,7
1704,0
1705,3
1706,1
1707,12
1708,2
1709,3
1710,7
1711,4
1712,15
1713,1
1714,3
1715,7
1716,8
1717,3
1718,1
1719,0
1720,2
1721,3
1722,3
1723,6
1724,6
1725,2
1726,2
1727,1
1728,5
1729,4
1730,7
1731,5
1732,7
1733,3
1734,3
1735,5
1736,2
1737,5
1738,6
1739,9
1740,4
1741,7
1742,5
1743,3
1744,2
1745,9
1746,1
1747,6
1748,1
1749,4
1750,1
1751,3
1752,4
1753,5
1754,11
1755,2
1756,10
1757,3
1758,2
1759,1
1760,6
1761,5
1762,3
1763,10
1764,1
1765,0
1766,1
1767,5
1768,3
1769,4
1770,5
1771,7
1772,0
1773,9
1774,5
1775,6
1776,5
1777,8
1778,6
1779,2
1780,2
1781,5
1782,11
1783,1
1784,2
1785,5
1786,0
1787,2
1788,5
1789,8
1790,2
1791,8
1792,20
1793,2
1794,0
1795,4
1796,6
1797,7
1798,10
1799,12
1800,8
1801,9
1802,1
1803,4
1804,3
1805,1
1806,1
1807,3
1808,2
1809,6
1810,8
1811,20
1812,5
1813,3
1814,2
1815,1
1816,5
1817,1
1818,1
1819,5
1820,4
1821,7
1822,5
1823,0
1824,5
1825,2
1826,18
1827,16
1828,4
1829,3
1830,7
1831,8
1832,10
1833,3
1834,12
1835,1
1836,7
1837,3
1838,3
1839,1
1840,1
1841,2
1842,2
1843,2
1844,8
1845,2
1846,2
1847,6
1848,0
1849,6
1850,3
1851,2
1852,1
1853,2
1854,6
1855,15
1856,2
1857,5
1858,4
1859,4
1860,6
1861,6
1862,1
1863,4
1864,4
1865,7
1866,6
1867,1
1868,0
1869,4
1870,3
1871,2
1872,12
1873,9
1874,4
1875,2
1876,3
1877,6
1878,17
1879,6
1880,3
1881,3
1882,3
1883,5
1884,7
1885,4
1886,7
1887,1
1888,6
1889,0
1890,16
1891,8
1892,2
1893,3
1894,16
1895,4
1896,10
1897,8
1898,3
1899,7
1900,5
1901,4
1902,5
1903,3
1904,5
1905,3
1906,5
1907,1
1908,2
1909,16
1910,2
1911,12
1912,8
1913,1
1914,3
1915,9
1916,8
1917,8
1918,10
1919,7
1920,1
1921,4
1922,1
1923,7
1924,1
1925,2
1926,2
1927,0
1928,2
1929,7
1930,1
1931,15
1932,12
1933,2
1934,7
1935,4
1936,6
1937,2
1938,1
1939,2
1940,12
1941,0
1942,1
1943,2
1944,2
1945,5
1946,0
1947,1
1948,5
1949,1
1950,19
1951,4
1952,4
1953,11
1954,3
1955,0
1956,3
1957,2
1958,4
1959,1
1960,1
1961,5
1962,5
1963,4
1964,1
1965,0
1966,3
1967,2
1968,14
1969,1
1970,13
1971,9
1972,15
1973,8
1974,7
1975,0
1976,6
1977,2
1978,5
1979,11
1980,10
1981,5
1982,15
1983,0
1984,2
1985,2
1986,2
1987,8
1988,3
1989,4
1990,5
1991,13
1992,9
1993,4
1994,2
1995,9
1996,8
1997,1
1998,2
1999,13
2000,7
2001,6
2002,41
2003,6
2004,12
2005,2
2005,7
2006,7
2007,3
2008,43
2009,3
2010,4
2011,4
2012,10
2013,2
2014,8
2015,73
2016,1
2017,15
2018,17
2019,3
2020,10
2021,28
2022,6
2023,4
2024,13
2025,21
2026,5
2027,4
2028,7
2029,6
2030,19
2031,9
2032,1
2033,13
2034,13
2035,12
2036,9
2037,10
2038,19
2039,14
2040,20
2041,5
2042,7
2043,9
2044,9
2045,20
2046,8
2047,15
2048,3
2049,20
2050,7
2051,21
2052,27
2053,16
2054,11
2055,8
2056,7
2057,7
2058,2
2059,5
2060,6
2061,5
2062,41
2063,8
2064,10
2065,8
2066,6
2067,13
2068,5
2069,1
2070,16
2071,5
2072,23
2073,26
2074,1
2075,13
2076,12
2077,25
2078,2
2079,15
2080,11
2081,14
2082,80
2083,8
2084,29
2085,35
2086,21
2087,60
2088,26
2089,48
2090,20
2091,24
2092,9
2093,6
2094,5
2095,21
2096,3
2097,12
2098,36
2099,11
2100,10
2101,7
2102,14
2103,5
2104,11
2105,23
2106,39
2107,15
2108,1
2109,14
2110,18
2111,3
2112,45
2113,6
2114,19
2115,16
2116,5
2117,32
2118,8
2119,14
2120,37
2121,4
2122,1
2123,18
2124,7
2125,3
2126,11
2127,5
2128,5
2129,14
2130,10
2131,39
2132,4
2133,8
2134,3
2135,17
2136,3
2137,2
2138,24
2139,7
2140,15
2141,16
2142,11
2143,3
2144,5
2145,14
2146,29
2147,52
2148,12
2149,11
2150,24
2151,21
2152,7
2153,52
2154,11
2155,0
2156,14
2157,8
2158,7
2159,7
2160,31
2161,9
2162,25
2163,17
2164,22
2165,18
2166,15
2167,6
2168,2
2169,1
2170,3
2171,4
2172,33
2173,4
2174,2
2175,6
2176,3
2177,41
2178,8
2179,46
2180,22
2181,7
2182,28
2183,6
2184,9
2185,8
2186,20
2187,72
2188,16
2189,30
2190,35
2191,18
2192,23
2193,7
2194,3
2195,1
2196,12
2197,7
2198,6
2199,2
2200,6
2201,2
2202,49
2203,59
2204,10
2205,27
2206,13
2207,25
2208,0
2209,9
2210,43
2211,15
2212,36
2213,10
2214,13
2215,15
2216,4
2217,5
2218,4
2219,9
2220,19
2221,3
2222,1
2223,9
2224,25
2225,6
2226,23
2227,33
2228,2
2229,42
2230,46
2231,21
2232,37
2233,5
2234,17
2235,12
2236,3
2237,36
2238,13
2239,27
2240,11
2241,14
2242,24
2243,30
2244,17
2245,26
2246,30
2247,24
2248,0
2249,90
2250,12
2251,45
2252,6
2253,27
2254,14
2255,45
2256,38
2257,13
2258,20
2259,32
2260,30
2261,18
2262,7
2263,12
2264,8
2265,1
2266,24
2267,11
2268,6
2269,4
2270,6
2271,9
2272,16
2273,36
2274,32
2275,22
2276,10
2277,22
2278,24
2279,50
2280,45
2281,12
2282,33
2283,7
2284,8
2285,49
2286,3
2287,45
2288,7
2289,11
2290,11
2291,14
2292,3
2293,43
2294,21
2295,24
2296,6
2297,10
2298,2
2299,13
2300,48
2301,21
2302,5
2303,24
2304,31
2305,63
2306,2
2307,9
2308,11
2309,54
2310,24
2311,71
2312,25
2313,29
2314,1
2315,6
2316,60
2317,6
2318,16
2319,10
2320,0
2321,0
2322,7
2323,8
2324,9
2325,9
2326,0
2327,8
2328,11
2329,3
2330,10
2331,6
2332,67
2333,20
2334,3
2335,26
2336,16
2337,7
2338,39
2339,63
2340,69
2341,4
2342,8
2343,6
2344,36
2345,53
2346,3
2347,8
2348,31
2349,3
2350,29
2351,13
2352,10
2353,36
2354,39
2355,6
2356,20
2357,77
2358,28
2359,32
2360,61
2361,20
2362,10
2363,85
2364,29
2365,13
2366,38
2367,5
2368,8
2369,99
2370,52
2371,10
2372,5
2373,32
2374,45
2375,21
2376,24
2377,32
2378,53
2379,48
2380,43
2381,3
2382,7
2383,3
2384,25
2385,92
2386,18
2387,28
2388,4
2389,49
2390,64
2391,35
2392,0
2393,7
2394,80
2395,23
2396,13
2397,5
2398,41
2399,20
2400,18
2401,8
2402,5
2403,72
2404,2
2405,18
2406,7
2407,81
2408,80
2409,1
2410,4
2411,7
2412,3
2413,19
2414,20
2415,68
2416,55
2417,44
2418,99
2419,79
2420,16
2421,5
2422,45
2423,24
2424,4
2425,126
2426,16
2427,27
2428,63
2429,9
2430,21
2431,35
2432,24
2433,7
2434,51
2435,12
2436,79
2437,7
2438,86
2439,3
2440,8
2441,35
2442,37
2443,22
2444,38
2445,22
2446,15
2447,22
2448,1
2449,7
2450,27
2451,9
2452,4
2453,29
2454,8
2455,57
2456,6
2457,111
2458,14
2459,26
2460,12
2461,15
2462,37
2463,15
2464,30
2465,8
2466,7
2467,41
2468,7
2469,20
2470,115
2471,78
2472,16
2473,37
2474,75
2475,59
2476,25
2477,2
2478,40
2479,40
2480,9
2481,7
2482,3
2483,14
2484,45
2485,26
2486,24
2487,5
2488,23
2489,62
2490,12
2491,3
2492,9
2493,15
2494,21
2495,233
2496,39
2497,31
2498,10
2499,55
2500,2
2501,265
2502,18
2503,9
2504,6
2505,47
2506,8
2507,93
2508,26
2509,15
2510,2
2511,87
2512,13
2513,2
2514,31
2515,93
2516,74
2517,26
2518,38
2519,13
2520,29
2521,1
2522,69
2523,61
2524,15
2525,51
2526,44
2527,19
2528,79
2529,89
2530,2
2531,21
2532,2
2533,69
2534,21
2535,12
2536,19
2537,76
2538,147
2539,35
2540,23
2541,77
2542,24
2543,2
2544,8
2545,5
2546,4
2547,31
2548,16
2549,12
2550,2
2551,6
2552,5
2553,104
2554,15
2555,12
2556,24
2557,35
2558,4
2559,5
2560,27
2561,101
2562,136
2563,14
2564,15
2565,45
2566,13
2567,3
2568,12
2569,41
2570,34
2571,104
2572,15
2573,149
2574,18
2575,5
2576,41
2577,6
2578,62
2579,3
2580,35
2581,23
2582,139
2583,113
2584,18
2585,58
2586,1
2587,7
2588,43
2589,40
2590,10
2591,29
2592,15
2593,57
2594,25
2595,16
2596,21
2597,49
2598,49
2599,83
2600,39
2601,108
2602,16
2603,8
2604,62
2605,37
2606,39
2607,87
2608,30
2609,95
2610,7
2611,21
2612,25
2613,6
2614,43
2615,2
2616,8
2617,4
2618,65
2619,53
2620,64
2621,9
2622,5
2623,39
2624,8
2625,39
2626,71
2627,1
2628,16
2629,4
2630,19
2631,9
2632,20
2633,28
2634,5
2635,36
2636,22
2637,33
2638,20
2639,45
2640,27
2641,117
2642,41
2643,4
2644,29
2645,26
2646,32
2647,36
2648,53
2649,117
2650,3
2651,4
2652,29
2653,3
2654,129
2655,15
2656,45
2657,33
2658,11
2659,32
2660,28
2661,32
2662,2
2663,43
2664,8
2665,18
2666,21
2667,87
2668,127
2669,28
2670,56
2671,37
2672,19
2673,30
2674,50
2675,42
2676,61
2677,14
2678,56
2679,2
2680,14
2681,66
2682,26
2683,90
2684,31
2685,40
2686,21
2687,32
2688,3
2689,15
2690,134
2691,19
2692,13
2693,2
2694,25
2695,15
2696,5
2697,43
2698,10
2699,5
2700,33
2701,2
2702,43
2703,6
2704,72
2705,34
2706,48
2707,7
2708,12
2709,8
2710,13
2711,5
2712,15
2713,67
2714,5
2715,45
2716,21
2717,67
2718,11
2719,88
2720,57
2721,19
2722,122
2723,29
2724,2
2725,19
2726,6
2727,4
2728,55
2729,13
2730,29
2731,77
2732,30
2733,50
2734,59
2735,94
2736,21
2737,3
2738,24
2739,32
2740,11
2741,31
2742,2
2743,17
2744,21
2745,49
2746,3
2747,10
2748,141
2749,57
2750,13
2751,28
2752,23
2753,2
2754,142
2755,24
2756,40
2757,84
2758,60
2759,13
2760,61
2761,33
2762,0
2763,8
2764,38
2765,32
2766,103
2767,6
2768,23
2769,36
2770,32
2771,3
2772,5
2773,12
2774,84
2775,60
2776,1
2777,62
2778,36
2779,110
2780,19
2781,42
2782,69
2783,151
2784,51
2785,26
2786,2
2787,1
2788,15
2789,118
2790,48
2791,177
2792,5
2793,61
2794,5
2795,4
2796,23
2797,24
2798,56
2799,3
2800,36
2801,35
2802,17
2803,4
2804,13
2805,78
2806,5
2807,14
2808,55
2809,29
2810,36
2811,178
2812,31
2813,15
2814,15
2815,22
2816,133
2817,89
2818,57
2819,75
2820,87
2821,27
2822,5
2823,57
2824,15
2825,146
2826,29
2827,84
2828,121
2829,7
2830,19
2831,30
2832,16
2833,29
2834,87
2835,28
2836,11
2837,56
2838,27
2839,25
2840,5
2841,17
2842,22
2843,44
2844,52
2845,51
2846,59
2847,76
2848,14
2849,13
2850,250
2851,7
2852,90
2853,39
2854,33
2855,17
2856,16
2857,17
2858,136
2859,77
2860,24
2861,15
2862,48
2863,11
2864,5
2865,207
2866,2
2867,11
2868,49
2869,85
2870,47
2871,10
2872,67
2873,69
2874,113
2875,37
2876,12
2877,90
2878,60
2879,11
2880,33
2881,30
2882,28
2883,5
2884,80
2885,7
2886,6
2887,66
2888,75
2889,47
2890,17
2891,47
2892,31
2893,75
2894,7
2895,45
2896,69
2897,7
2898,2
2899,35
2900,87
2901,205
2902,40
2903,38
2904,15
2905,329
2906,25
2907,61
2908,52
2909,77
2910,22
2911,16
2912,18
2913,28
2914,132
2915,16
2916,64
2917,26
2918,115
2919,81
2920,51
2921,11
2922,51
2923,164
2924,22
2925,85
2926,69
2927,10
2928,133
2929,20
2930,4
2931,175
2932,4
2933,37
2934,52
2935,107
2936,10
2937,2
2938,7
2939,108
2940,26
2941,85
2942,30
2943,19
2944,38
2945,15
2946,21
2947,7
2948,4
2949,7
2950,8
2951,60
2952,57
2953,14
2954,5
2955,58
2956,88
2957,13
2958,4
2959,53
2960,45
2961,96
2962,9
2963,71
2964,91
2965,10
2966,73
2967,155
2968,9
2969,66
2970,19
2971,111
2972,15
2973,38
2974,18
2975,194
2976,29
2977,63
2978,1
2979,27
2980,40
2981,4
2982,155
2983,20
2984,31
2985,46
2986,52
2987,1
2988,22
2989,105
2990,68
2991,2
2992,25
2993,34
2994,12
2995,14
2996,105
2997,34
2998,63
2999,14
3000,6
3001,26
3002,3
3003,23
3004,7
3005,38
3006,30
3007,54
3008,30
3009,77
3010,11
3011,5
3012,13
3013,78
3014,14
3015,0
3016,20
3017,117
3018,23
3019,41
3020,35
3021,11
3022,13
3023,23
3024,14
3025,29
3026,168
3027,33
3028,30
3029,20
3030,96
3031,34
3032,19
3033,94
3034,133
3035,28
3036,9
3037,23
3038,100
3039,3
3040,29
3041,64
3042,31
3043,81
3044,19
3045,11
3046,95
3047,8
3048,76
3049,68
3050,255
3051,4
3052,33
3053,31
3054,20
3055,31
3056,2
3057,6
3058,87
3059,174
3060,20
3061,9
3062,100
3063,19
3064,11
3065,215
3066,122
3067,68
3068,8
3069,16
3070,14
3071,140
3072,40
3073,56
3074,9
3075,61
3076,3
3077,77
3078,58
3079,20
3080,273
3081,64
3082,17
3083,32
3084,56
3085,24
3086,87
3087,76
3088,87
3089,105
3090,25
3091,4
3092,21
3093,36
3094,60
3095,37
3096,58
3097,11
3098,35
3099,94
3100,94
3101,20
3102,7
3103,27
3104,120
3105,34
3106,24
3107,37
3108,5
3109,63
3110,5
3111,43
3112,195
3113,83
3114,30
3115,79
3116,26
3117,12
3118,58
3119,52
3120,7
3121,78
3122,11
3123,51
3124,82
3125,34
3126,36
3127,45
3128,154
3129,30
3130,53
3131,77
3132,46
3133,52
3134,14
3135,35
3136,74
3137,15
3138,46
3139,33
3140,22
3141,30
3142,3
3143,26
3144,62
3145,21
3146,53
3147,20
3148,24
3149,6
3150,77
3151,159
3152,17
3153,92
3154,163
3155,28
3156,15
3157,25
3158,67
3159,78
3160,22
3161,46
3162,71
3163,101
3164,6
3165,33
3166,101
3167,32
3168,6
3169,74
3170,86
3171,66
3172,2
3173,12
3174,11
3175,73
3176,27
3177,59
3178,33
3179,239
3180,78
3181,34
3182,3
3183,31
3184,47
3185,16
3186,52
3187,14
3188,7
3189,174
3190,26
3191,8
3192,76
3193,93
3194,7
3195,29
3196,50
3197,62
3198,15
3199,18
3200,124
3201,16
3202,36
3203,20
3204,32
3205,32
3206,78
3207,38
3208,59
3209,14
3210,63
3211,9
3212,32
3213,10
3214,15
3215,36
3216,261
3217,17
3218,11
3219,71
3220,27
3221,123
3222,164
3223,61
3224,17
3225,92
3226,11
3227,14
3228,6
3229,10
3230,3
3231,52
3232,9
3233,4
3234,5
3235,70
3236,147
3237,7
3238,7
3239,51
3240,23
3241,13
3242,12
3243,12
3244,47
3245,55
3246,5
3247,11
3248,43
3249,12
3250,47
3251,178
3252,13
3253,98
3254,159
3255,18
3256,25
3257,49
3258,45
3259,22
3260,41
3261,11
3262,80
3263,43
3264,25
3265,125
3266,15
3267,184
3268,3
3269,23
3270,20
3271,4
3272,30
3273,39
3274,10
3275,19
3276,39
3277,236
3278,72
3279,184
3280,65
3281,125
3282,309
3283,104
3284,233
3285,22
3286,75
3287,8
3288,186
3289,9
3290,88
3291,90
3292,20
3293,46
3294,106
3295,57
3296,26
3297,146
3298,103
3299,11
3300,44
3301,340
3302,55
3303,4
3304,67
3305,40
3306,60
3307,21
3308,2
3309,25
3310,37
3311,65
3312,5
3313,237
3314,4
3315,23
3316,134
3317,180
3318,74
3319,22
3320,11
3321,31
3322,11
3323,129
3324,29
3325,112
3326,25
3327,60
3328,76
3329,20
3330,49
3331,365
3332,38
3333,74
3334,48
3335,36
3336,49
3337,53
3338,31
3339,39
3340,54
3341,80
3342,86
3343,24
3344,34
3345,174
3346,64
3347,60
3348,18
3349,23
3350,2
3351,47
3352,32
3353,73
3354,68
3355,14
3356,140
3357,53
3358,9
3359,58
3360,15
3361,12
3362,14
3363,11
3364,89
3365,14
3366,115
3367,6
3368,20
3369,58
3370,13
3371,9
3372,195
3373,187
3374,128
3375,53
3376,4
3377,35
3378,19
3379,5
3380,30
3381,2
3382,45
3383,4
3384,87
3385,92
3386,51
3387,88
3388,141
3389,64
3390,39
3391,135
3392,51
3393,88
3394,10
3395,86
3396,51
3397,111
3398,23
3399,60
3400,50
3401,7
3402,51
3403,6
3404,67
3405,58
3406,35
3407,35
3408,13
3409,191
3410,21
3411,68
3412,33
3413,131
3414,87
3415,70
3416,18
3417,11
3418,39
3419,9
3420,271
3421,104
3422,333
3423,71
3424,36
3425,20
3426,60
3427,16
3428,53
3429,3
3430,36
3431,14
3432,157
3433,2
3434,116
3435,53
3436,274
3437,28
3438,5
3439,85
3440,35
3441,105
3442,121
3443,5
3444,48
3445,108
3446,32
3447,293
3448,92
3449,9
3450,18
3451,114
3452,98
3453,18
3454,102
3455,55
3456,138
3457,78
3458,27
3459,34
3460,72
3461,49
3462,45
3463,21
3464,251
3465,176
3466,33
3467,171
3468,211
3469,9
3470,50
3471,31
3472,130
3473,76
3474,53
3475,180
3476,28
3477,10
3478,15
3479,13
3480,45
3481,112
3482,62
3483,101
3484,232
3485,118
3486,13
3487,67
3488,68
3489,22
3490,41
3491,7
3492,56
3493,114
3494,7
3495,76
3496,71
3497,7
3498,40
3499,119
3500,12
3501,66
3502,6
3503,94
3504,221
3505,13
3506,138
3507,18
3508,20
3509,8
3510,198
3511,4
3512,143
3513,61
3514,57
3515,12
3516,54
3517,67
3518,69
3519,23
3520,104
3521,69
3522,38
3523,213
3524,121
3525,23
3526,16
3527,4
3528,38
3529,36
3530,2
3531,135
3532,111
3533,36
3534,60
3535,21
3536,28
3537,111
3538,21
3539,70
3540,29
3541,168
3542,68
3543,74
3544,35
3545,37
3546,62
3547,15
3548,37
3549,4
3550,3
3551,72
3552,51
3553,56
3554,90
3555,44
3556,1
3557,213
3558,15
3559,69
3560,10
3561,74
3562,30
3563,20
3564,4
3565,3
3566,18
3567,37
3568,20
3569,25
3570,28
3571,54
3572,64
3573,79
3574,138
3575,61
3576,20
3577,55
3578,196
3579,47
3580,224
3581,32
3582,25
3583,18
3584,10
3585,43
3586,64
3587,143
3588,110
3589,43
3590,63
3591,9
3592,181
3593,69
3594,13
3595,2
3596,41
3597,8
3598,115
3599,30
3600,112
3601,122
3602,39
3603,36
3604,7
3605,148
3606,76
3607,148
3608,51
3609,70
3610,6
3611,8
3612,19
3613,28
3614,49
3615,25
3616,38
3617,5
3618,21
3619,10
3620,12
3621,53
3622,4
3623,139
3624,100
3625,95
3626,7
3627,12
3628,41
3629,78
3630,69
3631,29
3632,72
3633,30
3634,6
3635,19
3636,84
3637,16
3638,20
3639,69
3640,39
3641,125
3642,69
3643,23
3644,43
3645,77
3646,127
3647,60
3648,28
3649,43
3650,7
3651,58
3652,215
3653,28
3654,36
3655,29
3656,11
3657,3
3658,11
3659,23
3660,6
3661,34
3662,10
3663,64
3664,76
3665,21
3666,7
3667,25
3668,20
3669,24
3670,32
3671,48
3672,11
3673,15
3674,116
3675,183
3676,46
3677,116
3678,191
3679,108
3680,117
3681,21
3682,67
3683,78
3684,6
3685,37
3686,110
3687,55
3688,29
3689,30
3690,61
3691,9
3692,33
3693,31
3694,30
3695,24
3696,190
3697,56
3698,31
3699,118
3700,25
3701,69
3702,14
3703,47
3704,51
3705,19
3706,9
3707,52
3708,36
3709,24
3710,29
3711,28
3712,89
3713,9
3714,8
3715,29
3716,100
3717,3
3718,48
3719,113
3720,19
3721,31
3722,2
3723,57
3724,40
3725,10
3726,28
3727,221
3728,7
3729,9
3730,37
3731,15
3732,16
3733,38
3734,9
3735,126
3736,4
3737,20
3738,0
3739,72
3740,12
3741,9
3742,67
3743,60
3744,5
3745,46
3746,79
3747,6
3748,79
3749,64
3750,73
3751,47
3752,33
3753,93
3754,64
3755,1
3756,57
3757,169
3758,40
3759,94
3760,35
3761,72
3762,40
3763,81
3764,64
3765,71
3766,85
3767,41
3768,5
3769,24
3770,32
3771,107
3772,77
3773,8
3774,8
3775,16
3776,47
3777,22
3778,12
3779,49
3780,55
3781,47
3782,15
3783,7
3784,175
3785,31
3786,38
3787,91
3788,134
3789,12
3790,70
3791,127
3792,5
3793,54
3794,40
3795,7
3796,15
3797,138
3798,42
3799,104
3800,123
3801,11
3802,22
3803,19
3804,31
3805,92
3806,97
3807,49
3808,32
3809,12
3810,88
3811,70
3812,32
3813,41
3814,63
3815,85
3816,58
3817,4
3818,11
3819,35
3820,16
3821,10
3822,19
3823,86
3824,10
3825,19
3826,48
3827,55
3828,56
3829,20
3830,16
3831,23
3832,53
3833,54
3834,4
3835,34
3836,9
3837,20
3838,36
3839,29
3840,50
3841,32
3842,2
3843,151
3844,194
3845,32
3846,11
3847,22
3848,72
3849,74
3850,20
3851,130
3852,66
3853,129
3854,74
3855,133
3856,131
3857,7
3858,71
3859,248
3860,36
3861,15
3862,38
3863,273
3864,15
3865,58
3866,30
3867,102
3868,57
3869,91
3870,69
3871,2
3872,32
3873,66
3874,2
3875,30
3876,16
3877,50
3878,16
3879,13
3880,94
3881,4
3882,71
3883,41
3884,35
3885,253
3886,37
3887,48
3888,83
3889,91
3890,88
3891,55
3892,15
3893,7
3894,9
3895,19
3896,23
3897,24
3898,118
3899,7
3900,29
3901,14
3902,103
3903,256
3904,148
3905,39
3906,32
3907,10
3908,11
3909,63
3910,1
3911,19
3912,29
3913,66
3914,199
3915,39
3916,117
3917,13
3918,170
3919,13
3920,7
3921,9
3922,232
3923,40
3924,56
3925,53
3926,34
3927,100
3928,29
3929,112
3930,151
3931,53
3932,126
3933,1
3934,64
3935,55
3936,0
3937,6
3938,84
3939,88
3940,10
3941,15
3942,105
3943,45
3944,6
3945,22
3946,12
3947,61
3948,133
3949,311
3950,82
3951,12
3952,62
3953,120
3954,68
3955,36
3956,45
3957,143
3958,13
3959,149
3960,13
3961,125
3962,88
3963,142
3964,183
3965,100
3966,0
3967,135
3968,27
3969,7
3970,37
3971,2
3972,5
3973,111
3974,3
3975,13
3976,34
3977,107
3978,7
3979,9
3980,48
3981,88
3982,47
3983,69
3984,6
3985,135
3986,69
3987,130
3988,32
3989,13
3990,231
3991,132
3992,128
3993,3
3994,62
3995,46
3996,38
3997,48
3998,346
3999,163
4000,51
4001,10
4002,23
4003,17
4004,45
4005,51
4005,3
4006,8
4007,202
4008,425
4009,112
4010,107
4011,103
4012,130
4013,86
4014,224
4015,155
4016,41
4017,55
4018,2
4019,46
4020,1
4021,229
4022,46
4023,110
4024,56
4025,33
4026,67
4027,17
4028,308
4029,92
4030,33
4031,318
4032,90
4033,215
4034,85
4035,35
4036,343
4037,16
4038,52
4039,309
4040,16
4041,404
4042,24
4043,45
4044,16
4045,221
4046,50
4047,105
4048,13
4049,15
4050,248
4051,57
4052,23
4053,52
4054,268
4055,12
4056,172
4057,191
4058,292
4059,136
4060,257
4061,19
4062,30
4063,403
4064,14
4065,11
4066,2
4067,21
4068,39
4069,261
4070,101
4071,222
4072,48
4073,461
4074,263
4075,158
4076,160
4077,11
4078,58
4079,341
4080,45
4081,163
4082,126
4083,91
4084,41
4085,452
4086,13
4087,162
4088,81
4089,117
4090,14
4091,136
4092,239
4093,189
4094,58
4095,63
4096,76
4097,437
4098,254
4099,223
4100,339
4101,21
4102,165
4103,173
4104,86
4105,423
4106,52
4107,135
4108,43
4109,20
4110,405
4111,91
4112,381
4113,88
4114,99
4115,111
4116,85
4117,52
4118,60
4119,85
4120,229
4121,214
4122,123
4123,184
4124,78
4125,38
4126,220
4127,450
4128,28
4129,572
4130,61
4131,91
4132,98
4133,113
4134,141
4135,220
4136,64
4137,48
4138,85
4139,18
4140,199
4141,56
4142,4
4143,209
4144,21
4145,63
4146,76
4147,259
4148,216
4149,25
4150,155
4151,4
4152,5
4153,57
4154,7
4155,43
4156,125
4157,295
4158,364
4159,21
4160,56
4161,21
4162,39
4163,10
4164,4
4165,149
4166,19
4167,51
4168,320
4169,70
4170,47
4171,353
4172,293
4173,7
4174,215
4175,224
4176,173
4177,95
4178,267
4179,75
4180,93
4181,59
4182,179
4183,13
4184,199
4185,56
4186,39
4187,153
4188,28
4189,207
4190,39
4191,11
4192,324
4193,221
4194,189
4195,41
4196,637
4197,381
4198,21
4199,173
4200,45
4201,69
4202,179
4203,340
4204,169
4205,299
4206,295
4207,39
4208,167
4209,11
4210,78
4211,5
4212,39
4213,52
4214,29
4215,68
4216,93
4217,82
4218,81
4219,123
4220,466
4221,118
4222,289
4223,230
4224,27
4225,211
4226,16
4227,334
4228,17
4229,69
4230,347
4231,65
4232,429
4233,460
4234,40
4235,8
4236,246
4237,63
4238,360
4239,154
4240,14
4241,48
4242,3
4243,939
4244,27
4245,21
4246,52
4247,47
4248,16
4249,484
4250,17
4251,35
4252,19
4253,20
4254,240
4255,100
4256,480
4257,65
4258,33
4259,22
4260,54
4261,123
4262,47
4263,17
4264,97
4265,21
4266,112
4267,96
4268,42
4269,5
4270,136
4271,79
4272,37
4273,110
4274,197
4275,16
4276,135
4277,18
4278,228
4279,37
4280,86
4281,96
4282,101
4283,29
4284,126
4285,80
4286,288
4287,81
4288,92
4289,220
4290,74
4291,77
4292,167
4293,51
4294,65
4295,59
4296,236
4297,169
4298,29
4299,65
4300,113
4301,247
4302,123
4303,39
4304,47
4305,81
4306,63
4307,44
4308,13
4309,302
4310,135
4311,83
4312,272
4313,107
4314,13
4315,85
4316,80
4317,108
4318,25
4319,368
4320,22
4321,77
4322,387
4323,51
4324,145
4325,131
4326,28
4327,9
4328,245
4329,149
4330,133
4331,341
4332,2
4333,151
4334,104
4335,508
4336,87
4337,15
4338,62
4339,147
4340,27
4341,45
4342,62
4343,103
4344,11
4345,7
4346,114
4347,127
4348,2
4349,93
4350,57
4351,142
4352,29
4353,27
4354,109
4355,48
4356,216
4357,56
4358,3
4359,62
4360,206
4361,48
4362,11
4363,91
4364,56
4365,13
4366,179
4367,136
4368,5
4369,24
4370,83
4371,6
4372,169
4373,71
4374,4
4375,247
4376,102
4377,31
4378,12
4379,26
4380,27
4381,98
4382,107
4383,24
4384,332
4385,301
4386,38
4387,349
4388,31
4389,401
4390,77
4391,152
4392,111
4393,2
4394,69
4395,141
4396,223
4397,29
4398,108
4399,257
4400,104
4401,197
4402,27
4403,293
4404,5
4405,126
4406,27
4407,5
4408,51
4409,60
4410,208
4411,45
4412,49
4413,270
4414,261
4415,1
4416,43
4417,308
4418,597
4419,98
4420,204
4421,59
4422,155
4423,23
4424,17
4425,22
4426,78
4427,51
4428,2
4429,68
4430,5
4431,240
4432,28
4433,135
4434,151
4435,63
4436,128
4437,124
4438,93
4439,89
4440,219
4441,90
4442,29
4443,55
4444,131
4445,14
4446,7
4447,15
4448,254
4449,104
4450,120
4451,11
4452,423
4453,110
4454,270
4455,337
4456,63
4457,28
4458,43
4459,147
4460,221
4461,179
4462,96
4463,55
4464,185
4465,14
4466,79
4467,37
4468,8
4469,34
4470,128
4471,288
4472,89
4473,14
4474,265
4475,74
4476,214
4477,54
4478,7
4479,350
4480,74
4481,76
4482,31
4483,40
4484,51
4485,316
4486,359
4487,101
4488,48
4489,105
4490,104
4491,123
4492,107
4493,143
4494,16
4495,20
4496,85
4497,163
4498,97
4499,289
4500,76
4501,165
4502,58
4503,77
4504,91
4505,169
4506,38
4507,43
4508,127
4509,58
4510,102
4511,2
4512,7
4513,159
4514,225
4515,268
4516,48
4517,159
4518,60
4519,219
4520,237
4521,84
4522,75
4523,230
4524,78
4525,91
4526,32
4527,31
4528,11
4529,8
4530,32
4531,71
4532,208
4533,179
4534,207
4535,212
4536,61
4537,67
4538,179
4539,112
4540,224
4541,72
4542,178
4543,37
4544,78
4545,93
4546,457
4547,69
4548,175
4549,264
4550,144
4551,155
4552,59
4553,220
4554,207
4555,112
4556,28
4557,287
4558,33
4559,20
4560,324
4561,90
4562,301
4563,113
4564,130
4565,97
4566,69
4567,4
4568,372
4569,129
4570,81
4571,189
4572,186
4573,26
4574,394
4575,23
4576,143
4577,90
4578,46
4579,52
4580,28
4581,23
4582,135
4583,117
4584,65
4585,34
4586,104
4587,740
4588,3
4589,5
4590,355
4591,111
4592,146
4593,21
4594,27
4595,440
4596,21
4597,252
4598,39
4599,38
4600,121
4601,39
4602,311
4603,40
4604,351
4605,383
4606,171
4607,185
4608,97
4609,53
4610,35
4611,123
4612,50
4613,229
4614,177
4615,176
4616,5
4617,145
4618,49
4619,77
4620,51
4621,41
4622,189
4623,43
4624,49
4625,25
4626,75
4627,77
4628,83
4629,160
4630,337
4631,21
4632,196
4633,61
4634,21
4635,345
4636,181
4637,211
4638,17
4639,536
4640,98
4641,8
4642,218
4643,212
4644,19
4645,17
4646,77
4647,4
4648,50
4649,160
4650,108
4651,139
4652,25
4653,68
4654,205
4655,45
4656,224
4657,135
4658,55
4659,85
4660,31
4661,39
4662,127
4663,221
4664,197
4665,35
4666,205
4667,59
4668,65
4669,117
4670,147
4671,515
4671,105
4672,21
4673,50
4674,4
4675,9
4676,8
4677,11
4678,7
4679,77
4680,43
4681,89
4682,25
4683,1
4684,48
4685,65
4686,8
4687,72
4688,27
4689,86
4690,68
4691,1
4692,19
4693,7
4694,13
4695,49
4696,35
4697,17
4698,27
4699,44
4700,13
4701,1
4702,17
4703,17
4704,185
4705,33
4706,53
4707,3
4708,31
4709,32
4710,5
4711,5
4712,70
4713,13
4714,43
4715,68
4716,7
4717,9
4718,107
4719,1
4720,21
4721,4
4722,37
4723,91
4724,11
4725,99
4726,32
4727,9
4728,15
4729,11
4730,0
4731,89
4732,11
4733,1
4734,17
4735,14
4736,11
4737,15
4738,4
4739,11
4740,27
4741,33
4742,11
4743,17
4744,73
4745,8
4746,17
4747,11
4748,49
4749,79
4750,15
4751,64
4752,101
4753,47
4754,53
4755,25
4756,20
4757,35
4758,41
4759,83
4760,25
4761,81
4762,14
4763,55
4764,4
4765,65
4766,110
4767,301
4768,53
4769,7
4770,5
4771,32
4772,43
4773,39
4774,23
4775,23
4776,1
4777,17
4778,3
4779,12
4780,45
4781,13
4782,86
4783,33
4784,107
4785,9
4786,141
4787,53
4788,35
4789,6
4790,5
4791,89
4792,0
4793,0
4794,85
4795,22
4796,79
4797,57
4798,43
4799,25
4800,139
4801,0
4802,89
4803,1
4804,25
4805,1
4806,3
4807,32
4808,60
4809,84
4810,29
4811,81
4812,2
4813,5
4814,7
4815,20
4816,9
4817,61
4818,4
4819,13
4820,25
4821,9
4822,17
4823,47
4824,12
4825,1
4826,197
4827,88
4828,22
4829,89
4830,83
4831,11
4832,11
4833,32
4834,59
4835,16
4836,183
4837,55
4838,29
4839,3
4840,49
4841,1
4842,16
4843,19
4844,59
4845,13
4846,28
4847,33
4848,0
4849,21
4850,81
4851,37
4852,33
4853,4
4854,3
4855,37
4856,160
4857,4
4858,63
4859,35
4860,11
4861,23
4862,18
4863,11
4864,10
4865,11
4866,101
4867,41
4868,10
4869,4
4870,14
4871,2
4872,49
4873,61
4874,9
4875,17
4876,69
4877,57
4878,1
4879,2
4880,56
4881,59
4882,8
4883,12
4884,83
4885,97
4886,1
4887,16
4888,50
4889,0
4890,72
4891,36
4892,8
4893,12
4894,63
4895,43
4896,11
4897,13
4898,10
4899,57
4900,3
4901,25
4902,52
4903,59
4904,107
4905,21
4906,59
4907,9
4908,37
4909,19
4910,16
4911,1
4912,31
4913,1
4914,61
4915,3
4916,101
4917,17
4918,240
4919,1
4920,33
4921,88
4922,1
4923,16
4924,36
4925,49
4926,51
4927,39
4928,67
4929,27
4930,1
4931,32
4932,59
4933,15
4934,0
4935,13
4936,0
4937,7
4938,29
4939,0
4940,17
4941,3
4942,1
4943,3
4944,24
4945,99
4946,33
4947,84
4948,7
4949,16
4950,4
4951,69
4952,1
4953,0
4954,13
4955,6
4956,43
4957,56
4958,45
4959,49
4960,9
4961,9
4962,115
4963,5
4964,69
4965,55
4966,14
4967,140
4968,20
4969,57
4970,31
4971,22
4972,4
4973,19
4974,23
4975,52
4976,21
4977,13
4978,36
4979,62
4980,5
4981,13
4982,0
4983,50
4984,29
4985,117
4986,35
4987,32
4988,9
4989,29
4990,35
4991,10
4992,5
4993,35
4994,7
4995,31
4996,7
4997,17
4998,6
4999,197
5000,9
5001,11
5002,55
5003,5
5004,31
5005,13
5006,56
5007,1
5008,32
5009,15
5010,3
5011,19
5012,1
5013,1
5014,96
5015,112
5016,17
5017,19
5018,22
5019,1
5020,107
5021,46
5022,38
5023,92
5024,40
5025,115
5026,28
5027,8
5028,28
5029,38
5030,97
5031,58
5032,13
5033,19
5034,55
5035,11
5036,62
5037,64
5038,15
5039,188
5040,83
5041,97
5042,14
5043,104
5044,9
5045,11
5046,38
5047,27
5048,60
5049,4
5050,24
5051,33
5052,11
5053,24
5054,21
5055,108
5056,1
5057,31
5058,1
5059,73
5060,1
5061,13
5062,68
5063,32
5064,27
5065,59
5066,43
5067,29
5068,33
5069,14
5070,32
5071,75
5072,5
5073,3
5074,13
5075,36
5076,55
5077,45
5078,101
5079,48
5080,17
5081,241
5082,3
5083,73
5084,5
5085,1
5086,30
5087,3
5088,27
5089,29
5090,57
5091,1
5092,40
5093,69
5094,35
5095,1
5096,13
5097,38
5098,93
5099,13
5100,153
5101,31
5102,40
5103,45
5104,0
5105,16
5106,11
5107,3
5108,1
5109,21
5110,40
5111,43
5112,103
5113,79
5114,85
5115,24
5116,43
5117,100
5118,52
5119,23
5120,1
5121,16
5122,21
5123,5
5124,17
5125,95
5126,3
5127,63
5128,3
5129,24
5130,7
5131,29
5132,19
5133,13
5134,30
5135,28
5136,1
5137,0
5138,25
5139,9
5140,49
5141,0
5142,31
5143,27
5144,5
5145,5
5146,24
5147,7
5148,77
5149,25
5150,177
5151,3
5152,4
5153,3
5154,113
5155,83
5156,175
5157,12
5158,9
5159,65
5160,72
5161,19
5162,43
5163,5
5164,31
5165,43
5166,52
5167,17
5168,8
5169,17
5170,103
5171,29
5172,75
5173,71
5174,41
5175,13
5176,37
5177,53
5178,90
5179,3
5180,29
5181,15
5182,22
5183,1
5184,21
5185,25
5186,23
5187,115
5188,20
5189,21
5190,153
5191,71
5192,13
5193,67
5194,109
5195,21
5196,40
5197,33
5198,43
5199,5
5200,3
5201,46
5202,13
5203,65
5204,5
5205,4
5206,137
5207,17
5208,9
5209,27
5210,12
5211,77
5212,110
5213,53
5214,5
5215,8
5216,40
5217,4
5218,68
5219,75
5220,49
5221,7
5222,53
5223,44
5224,28
5225,22
5226,28
5227,16
5228,25
5229,7
5230,57
5231,0
5232,36
5233,73
5234,37
5235,80
5236,96
5237,133
5238,8
5239,15
5240,11
5241,12
5242,20
5243,3
5244,108
5245,4
5246,55
5247,37
5248,1
5249,45
5250,82
5251,23
5252,86
5253,8
5254,17
5255,21
5256,59
5257,11
5258,47
5259,36
5260,8
5261,20
5262,64
5263,41
5264,102
5265,0
5266,9
5267,31
5268,5
5269,52
5270,11
5271,3
5272,113
5273,35
5274,40
5275,62
5276,11
5277,11
5278,21
5279,107
5280,1
5281,3
5282,5
5283,9
5284,43
5285,221
5286,9
5287,59
5288,20
5289,5
5290,17
5291,31
5292,7
5293,0
5294,85
5295,20
5296,1
5297,21
5298,90
5299,45
5300,72
5301,29
5302,11
5303,11
5304,17
5305,5
5306,0
5307,118
5308,38
5309,28
5310,15
5311,51
5312,3
5313,0
5314,103
5315,46
5316,37
5317,36
5318,39
5319,6
5320,61
5321,89
5322,49
5323,12
5324,3
5325,43
5326,6
5327,87
5328,72
5329,2
5330,42
5331,155
5332,27
5333,27
5334,28
5335,14
5336,32
5337,8
5338,8
5339,19
5340,43
5341,1
5342,58
5343,27
5344,3
5345,31
5346,15
5347,75
5348,19
5349,29
5350,0
5351,1
5352,87
5353,51
5354,115
5355,10
5356,51
5357,35
5358,4
5359,19
5360,55
5361,99
5362,7
5363,61
5364,15
5365,44
5366,22
5367,0
5368,37
5369,49
5370,107
5371,187
5372,27
5373,5
5374,32
5375,8
5376,182
5377,14
5378,16
5379,46
5380,77
5381,57
5382,25
5383,93
5384,12
5385,4
5386,9
5387,57
5388,52
5389,18
5390,117
5391,203
5392,59
5393,0
5394,55
5395,25
5396,111
5397,3
5398,23
5399,59
5400,28
5401,9
5402,7
5403,53
5404,16
5405,65
5406,49
5407,41
5408,0
5409,41
5410,25
5411,14
5412,17
5413,89
5414,80
5415,77
5416,21
5417,47
5418,30
5419,10
5420,11
5421,6
5422,21
5423,0
5424,45
5425,5
5426,46
5427,3
5428,75
5429,1
5430,0
5431,111
5432,2
5433,1
5434,0
5435,5
5436,15
5437,77
5438,113
5439,63
5440,10
5441,45
5442,118
5443,40
5444,4
5445,4
5446,32
5447,28
5448,163
5449,27
5450,57
5451,1
5452,430
5453,34
5454,27
5455,1
5456,91
5457,48
5458,23
5459,37
5460,2
5461,90
5462,97
5463,18
5464,263
5465,47
5466,25
5467,136
5468,35
5469,11
5470,3
5471,53
5472,119
5473,2
5474,51
5475,33
5476,20
5477,25
5478,33
5479,37
5480,67
5481,1
5482,1
5483,59
5484,9
5485,31
5486,7
5487,21
5488,19
5489,5
5490,9
5491,53
5492,5
5493,78
5494,17
5495,1
5496,89
5497,15
5498,77
5499,137
5500,16
5501,1
5502,104
5503,90
5504,80
5505,29
5506,4
5507,8
5508,14
5509,62
5510,52
5511,8
5512,35
5513,7
5514,48
5515,17
5516,77
5517,57
5518,79
5519,11
5520,21
5521,72
5522,13
5523,12
5524,21
5525,5
5526,13
5527,57
5528,0
5529,29
5530,11
5531,8
5532,174
5533,14
5534,24
5535,14
5536,51
5537,9
5538,10
5539,9
5540,85
5541,21
5542,1
5543,97
5544,0
5545,34
5546,35
5547,32
5548,185
5549,9
5550,5
5551,20
5552,27
5553,26
5554,26
5555,64
5556,0
5557,37
5558,77
5559,63
5560,20
5561,43
5562,81
5563,47
5564,14
5565,22
5566,19
5567,8
5568,85
5569,59
5570,14
5571,38
5572,29
5573,24
5574,13
5575,0
5576,21
5577,21
5578,5
5579,41
5580,38
5581,22
5582,3
5583,11
5584,26
5585,95
5586,31
5587,93
5588,45
5589,9
5590,99
5591,17
5592,37
5593,19
5594,9
5595,1
5596,32
5597,45
5598,3
5599,48
5600,15
5601,28
5602,26
5603,15
5604,21
5605,1
5606,25
5607,1
5608,1
5609,55
5610,70
5611,4
5612,115
5613,9
5614,61
5615,31
5616,98
5617,76
5618,27
5619,17
5620,13
5621,24
5622,14
5623,3
5624,20
5625,56
5626,11
5627,79
5628,126
5629,56
5630,28
5631,61
5632,0
5633,201
5634,65
5635,131
5636,9
5637,37
5638,51
5639,25
5640,1
5641,42
5642,153
5643,105
5644,17
5645,6
5646,8
5647,17
5648,89
5649,25
5650,92
5651,5
5652,76
5653,3
5654,45
5655,32
5656,11
5657,29
5658,38
5659,58
5660,19
5661,13
5662,57
5663,22
5664,33
5665,71
5666,8
5667,91
5668,44
5669,99
5670,14
5671,81
5672,14
5673,10
5674,25
5675,19
5676,8
5677,0
5678,58
5679,81
5680,111
5681,92
5682,12
5683,6
5684,27
5685,9
5686,24
5687,22
5688,1
5689,5
5690,69
5691,100
5692,1
5693,9
5694,111
5695,76
5696,6
5697,11
5698,57
5699,17
5700,0
5701,17
5702,150
5703,3
5704,15
5705,14
5706,67
5707,143
5708,0
5709,0
5710,17
5711,12
5712,43
5713,80
5714,13
5715,24
5716,3
5717,25
5718,29
5719,83
5720,7
5721,19
5722,1
5723,21
5724,27
5725,24
5726,6
5727,65
5728,80
5729,43
5730,1
5731,4
5732,34
5733,19
5734,21
5735,72
5736,69
5737,77
5738,17
5739,27
5740,2
5741,43
5742,45
5743,77
5744,15
5745,65
5746,57
5747,4
5748,3
5749,59
5750,1
5751,20
5752,29
5753,17
5754,164
5755,13
5756,9
5757,45
5758,29
5759,69
5760,63
5761,21
5762,59
5763,53
5764,42
5765,5
5766,24
5767,1
5768,2
5769,3
5770,17
5771,132
5772,9
5773,1
5774,87
5775,19
5776,281
5777,31
5778,33
5779,58
5780,14
5781,9
5782,2
5783,24
5784,3
5785,11
5786,95
5787,28
5788,78
5789,1
5790,181
5791,8
5792,36
5793,25
5794,89
5795,15
5796,5
5797,11
5798,11
5799,52
5800,86
5801,35
5802,121
5803,27
5804,1
5805,35
5806,1
5807,29
5808,89
5809,57
5810,68
5811,33
5812,22
5813,3
5814,3
5815,57
5816,33
5817,157
5818,67
5819,36
5820,29
5821,0
5822,22
5823,3
5824,11
5825,35
5826,25
5827,47
5828,25
5829,5
5830,41
5831,33
5832,87
5833,7
5834,9
5835,43
5836,3
5837,10
5838,141
5839,32
5840,64
5841,1
5842,77
5843,7
5844,67
5845,3
5846,17
5847,1
5848,107
5849,25
5850,111
5851,0
5852,117
5853,8
5854,23
5855,21
5856,71
5857,16
5858,136
5859,165
5860,17
5861,27
5862,3
5863,85
5864,0
5865,89
5866,134
5867,47
5868,8
5869,3
5870,25
5871,25
5872,33
5873,35
5874,13
5875,49
5876,1
5877,49
5878,0
5879,41
5880,20
5881,0
5882,5
5883,25
5884,70
5885,53
5886,9
5887,57
5888,21
5889,5
5890,17
5891,109
5892,105
5893,7
5894,35
5895,51
5896,59
5897,4
5898,2
5899,25
5900,89
5901,1
5902,65
5903,3
5904,54
5905,14
5906,17
5907,35
5908,28
5909,16
5910,139
5911,9
5912,1
5913,17
5914,61
5915,1
5916,1
5917,21
5918,3
5919,11
5920,3
5921,27
5922,27
5923,35
5924,13
5925,3
5926,9
5927,14
5928,163
5929,5
5930,25
5931,9
5932,31
5933,22
5934,74
5935,33
5936,3
5937,9
5938,101
5939,47
5940,3
5941,65
5942,111
5943,107
5944,65
5945,4
5946,29
5947,13
5948,67
5949,211
5950,50
5951,27
5952,27
5953,11
5954,9
5955,22
5956,23
5957,69
5958,19
5959,3
5960,46
5961,103
5962,4
5963,141
5964,69
5965,293
5966,4
5967,0
5968,11
5969,16
5970,14
5971,91
5972,1
5973,21
5974,66
5975,81
5976,17
5977,25
5978,10
5979,57
5980,143
5981,118
5982,57
5983,24
5984,148
5985,29
5986,12
5987,3
5988,3
5989,61
5990,147
5991,47
5992,11
5993,19
5994,31
5995,20
5996,57
5997,3
5998,29
5999,168
6000,25
6001,33
6002,79
6003,30
6004,59
6005,47
6006,20
6007,43
6008,38
6009,25
6010,0
6011,7
6012,9
6013,61
6014,117
6015,57
6016,27
6017,21
6018,13
6019,99
6020,29
6021,165
6022,9
6023,4
6024,87
6025,11
6026,35
6027,8
6028,9
6029,65
6030,22
6031,3
6032,27
6033,9
6034,71
6035,7
6036,63
6037,60
6038,16
6039,18
6040,35
6041,0
6042,26
6043,9
6044,65
6045,15
6046,21
6047,3
6048,5
6049,1
6050,136
6051,28
6052,17
6053,24
6054,119
6055,4
6056,51
6057,21
6058,40
6059,9
6060,67
6061,64
6062,165
6063,6
6064,89
6065,92
6066,11
6067,27
6068,16
6069,40
6070,33
6071,105
6072,64
6073,21
6074,17
6075,31
6076,24
6077,7
6078,15
6079,13
6080,17
6081,0
6082,84
6083,101
6084,41
6085,112
6086,16
6087,3
6088,35
6089,1
6090,73
6091,3
6092,176
6093,0
6094,29
6095,0
6096,24
6097,1
6098,59
6099,104
6100,185
6101,117
6102,32
6103,149
6104,34
6105,25
6106,9
6107,19
6108,59
6109,37
6110,15
6111,9
6112,6
6113,1
6114,78
6115,73
6116,47
6117,91
6118,1
6119,25
6120,0
6121,25
6122,44
6123,28
6124,61
6125,17
6126,19
6127,8
6128,17
6129,17
6130,141
6131,115
6132,123
6133,41
6134,33
6135,1
6136,109
6137,97
6138,32
6139,63
6140,35
6141,9
6142,40
6143,60
6144,48
6145,18
6146,36
6147,9
6148,29
6149,11
6150,209
6151,57
6152,20
6153,37
6154,27
6155,18
6156,41
6157,0
6158,83
6159,96
6160,0
6161,1
6162,117
6163,37
6164,35
6165,30
6166,190
6167,131
6168,66
6169,35
6170,59
6171,45
6172,63
6173,53
6174,1
6175,65
6176,47
6177,32
6178,28
6179,37
6180,30
6181,59
6182,1
6183,320
6184,49
6185,28
6186,7
6187,28
6188,9
6189,0
6190,39
6191,5
6192,94
6193,19
6194,25
6195,7
6196,27
6197,29
6198,77
6199,13
6200,5
6201,17
6202,37
6203,29
6204,43
6205,37
6206,11
6207,4
6208,59
6209,44
6210,15
6211,3
6212,12
6213,29
6214,83
6215,57
6216,36
6217,58
6218,0
6219,117
6220,1
6221,51
6222,145
6223,131
6224,173
6225,56
6226,23
6227,20
6228,13
6229,11
6230,27
6231,105
6232,70
6233,87
6234,17
6235,13
6236,81
6237,8
6238,22
6239,121
6240,35
6241,219
6242,53
6243,32
6244,67
6245,7
6246,49
6247,25
6248,31
6249,3
6250,41
6251,23
6252,9
6253,1
6254,11
6255,15
6256,87
6257,0
6258,63
6259,69
6260,55
6261,21
6262,109
6263,8
6264,47
6265,9
6266,84
6267,32
6268,5
6269,29
6270,19
6271,91
6272,80
6273,40
6274,4
6275,41
6276,28
6277,36
6278,56
6279,17
6280,17
6281,1
6282,5
6283,5
6284,11
6285,112
6286,116
6287,43
6288,7
6289,19
6290,3
6291,3
6292,81
6293,124
6294,4
6295,17
6296,47
6297,91
6298,32
6299,81
6300,72
6301,31
6302,41
6303,5
6304,35
6305,27
6306,1
6307,4
6308,5
6309,1
6310,6
6311,1
6312,13
6313,3
6314,33
6315,15
6316,41
6317,36
6318,8
6319,9
6320,38
6321,67
6322,31
6323,10
6324,77
6325,25
6326,33
6327,47
6328,9
6329,26
6330,25
6331,33
6332,9
6333,19
6334,0
6335,44
6336,0
6337,1
6338,37
6339,57
6340,73
6341,88
6342,62
6343,17
6344,9
6345,91
6346,69
6347,54
6348,37
6349,53
6350,27
6351,45
6352,30
6353,11
6354,116
6355,59
6356,46
6357,14
6358,155
6359,5
6360,95
6361,17
6362,21
6363,1
6364,5
6365,11
6366,12
6367,25
6368,97
6369,49
6370,66
6371,36
6372,4
6373,23
6374,47
6375,51
6376,21
6377,153
6378,47
6379,27
6380,1
6381,51
6382,44
6383,67
6384,3
6385,38
6386,19
6387,76
6388,48
6389,41
6390,14
6391,25
6392,17
6393,7
6394,61
6395,9
6396,37
6397,5
6398,16
6399,34
6400,19
6401,1
6402,40
6403,0
6404,17
6405,21
6406,8
6407,11
6408,64
6409,121
6410,4
6411,3
6412,11
6413,23
6414,5
6415,51
6416,31
6417,29
6418,148
6419,21
6420,35
6421,105
6422,115
6423,24
6424,8
6425,145
6426,21
6427,85
6428,163
6429,25
6430,15
6431,13
6432,67
6433,37
6434,25
6435,66
6436,8
6437,184
6438,9
6439,5
6440,7
6441,1
6442,64
6443,49
6444,9
6445,31
6446,52
6447,39
6448,19
6449,17
6450,81
6451,53
6452,28
6453,31
6454,9
6455,27
6456,238
6457,21
6458,107
6459,233
6460,62
6461,8
6462,49
6463,28
6464,30
6465,14
6466,1
6467,60
6468,24
6469,3
6470,89
6471,95
6472,1
6473,201
6474,20
6475,28
6476,67
6477,13
6478,44
6479,95
6480,39
6481,0
6482,42
6483,153
6484,66
6485,45
6486,18
6487,1
6488,0
6489,27
6490,87
6491,1
6492,84
6493,35
6494,25
6495,6
6496,25
6497,91
6498,4
6499,27
6500,6
6501,7
6502,3
6503,7
6504,21
6505,27
6506,58
6507,3
6508,21
6509,46
6510,27
6511,76
6512,62
6513,61
6514,38
6515,1
6516,87
6517,141
6518,59
6519,0
6520,3
6521,135
6522,15
6523,49
6524,83
6525,43
6526,17
6527,117
6528,4
6529,10
6530,63
6531,27
6532,5
6533,61
6534,9
6535,104
6536,29
6537,17
6538,67
6539,1
6540,7
6541,21
6542,67
6543,89
6544,19
6545,9
6546,4
6547,67
6548,0
6549,33
6550,1
6551,17
6552,25
6553,7
6554,3
6555,55
6556,23
6557,178
6558,103
6559,17
6560,7
6561,5
6562,19
6563,41
6564,40
6565,75
6566,3
6567,21
6568,14
6569,103
6570,28
6571,21
6572,76
6573,159
6574,15
6575,129
6576,27
6577,3
6578,8
6579,9
6580,14
6581,11
6582,96
6583,4
6584,1
6585,97
6586,35
6587,27
6588,25
6589,25
6590,40
6591,88
6592,1
6593,18
6594,27
6595,117
6596,22
6597,29
6598,27
6599,51
6600,63
6601,41
6602,24
6603,177
6604,12
6605,11
6606,27
6607,3
6608,17
6609,41
6610,29
6611,19
6612,1
6613,6
6614,13
6615,8
6616,4
6617,72
6618,49
6619,3
6620,15
6621,27
6622,20
6623,18
6624,55
6625,11
6626,3
6627,1
6628,44
6629,3
6630,5
6631,41
6632,7
6633,67
6634,14
6635,138
6636,16
6637,112
6638,15
6639,3
6640,60
6641,7
6642,8
6643,17
6644,11
6645,19
6646,65
6647,1
6648,1
6649,1
6650,7
6651,5
6652,81
6653,101
6654,20
6655,23
6656,115
6657,184
6658,5
6659,23
6660,32
6661,11
6662,77
6663,5
6664,32
6665,24
6666,41
6667,23
6668,0
6669,5
6670,38
6671,20
6671,34
6672,3
6673,9
6674,22
6675,4
6676,61
6677,12
6678,7
6679,1
6680,56
6681,16
6682,29
6683,24
6684,8
6685,8
6686,71
6687,109
6688,3
6689,5
6690,31
6691,22
6692,1
6693,0
6694,9
6695,21
6696,17
6697,9
6698,37
6699,6
6700,179
6701,24
6702,21
6703,11
6704,5
6705,57
6706,33
6707,59
6708,92
6709,3
6710,15
6711,7
6712,9
6713,77
6714,68
6715,11
6716,0
6717,49
6718,41
6719,21
6720,29
6721,79
6722,121
6723,23
6724,15
6725,30
6726,1
6727,42
6728,24
6729,28
6730,8
6731,10
6732,79
6733,41
6734,16
6735,8
6736,9
6737,1
6738,9
6739,0
6740,107
6741,23
6742,53
6743,72
6744,10
6745,65
6746,136
6747,11
6748,16
6749,10
6750,21
6751,37
6752,39
6753,85
6754,19
6755,14
6756,9
6757,14
6758,64
6759,5
6760,36
6761,44
6762,15
6763,4
6764,20
6765,38
6766,17
6767,8
6768,0
6769,5
6770,15
6771,79
6772,65
6773,5
6774,9
6775,25
6776,8
6777,8
6778,1
6779,1
6780,29
6781,22
6782,11
6783,13
6784,17
6785,63
6786,14
6787,43
6788,0
6789,19
6790,8
6791,56
6792,1
6793,1
6794,24
6795,2
6796,9
6797,28
6798,53
6799,16
6800,36
6801,52
6802,17
6803,29
6804,1
6805,22
6806,74
6807,28
6808,42
6809,5
6810,15
6811,35
6812,8
6813,20
6814,30
6815,21
6816,9
6817,4
6818,85
6819,44
6820,113
6821,10
6822,15
6823,4
6824,83
6825,21
6826,29
6827,53
6828,56
6829,21
6830,15
6831,44
6832,21
6833,54
6834,97
6835,7
6836,3
6837,18
6838,25
6839,16
6840,1
6841,35
6842,11
6843,45
6844,17
6845,18
6846,13
6847,5
6848,50
6849,73
6850,12
6851,16
6852,9
6853,3
6854,28
6855,45
6856,41
6857,9
6858,35
6859,53
6860,8
6861,5
6862,0
6863,27
6864,41
6865,33
6866,61
6867,17
6868,5
6869,41
6870,26
6871,1
6872,28
6873,7
6874,117
6875,198
6876,34
6877,11
6878,19
6879,83
6880,32
6881,3
6882,27
6883,6
6884,75
6885,7
6886,17
6887,16
6888,32
6889,27
6890,40
6891,54
6892,7
6893,8
6894,4
6895,16
6896,79
6897,58
6898,43
6899,2
6900,58
6901,73
6902,2
6903,11
6904,0
6905,0
6906,51
6907,5
6908,22
6909,17
6910,0
6911,3
6912,7
6913,7
6914,64
6915,21
6916,4
6917,39
6918,15
6919,73
6920,30
6921,73
6922,82
6923,11
6924,72
6925,3
6926,84
6927,29
6928,25
6929,3
6930,51
6931,13
6932,4
6933,8
6934,0
6935,42
6936,0
6937,55
6938,8
6939,40
6940,56
6941,1
6942,8
6943,52
6944,41
6945,15
6946,1
6947,39
6948,1
6949,3
6950,83
6951,10
6952,21
6953,36
6954,25
6955,1
6956,37
6957,7
6958,48
6959,22
6960,79
6961,22
6962,1
6963,7
6964,3
6965,57
6966,63
6967,115
6968,71
6969,29
6970,11
6971,0
6972,32
6973,9
6974,2
6975,81
6976,3
6977,8
6978,41
6979,27
6980,108
6981,17
6982,16
6983,29
6984,27
6985,82
6986,8
6987,27
6988,40
6989,9
6990,14
6991,15
6992,1
6993,1
6994,11
6995,3
6996,40
6997,5
6998,3
6999,46
7000,0
7001,3
7002,84
7003,1
7004,62
7005,3
7006,76
7007,19
7008,57
7009,8
7010,32
7011,4
7012,27
7013,40
7014,19
7015,30
7016,17
7017,58
7018,48
7019,27
7020,3
7021,19
7022,31
7023,21
7024,59
7025,21
7026,17
7027,11
7028,33
7029,61
7030,8
7031,6
7032,8
7033,14
7034,53
7035,17
7036,13
7037,27
7038,45
7039,12
7040,4
7041,7
7042,0
7043,1
7044,27
7045,9
7046,49
7047,5
7048,36
7049,11
7050,11
7051,19
7052,59
7053,17
7054,4
7055,4
7056,6
7057,89
7058,54
7059,6
7060,2
7061,0
7062,105
7063,27
7064,74
7065,3
7066,1
7067,7
7068,0
7069,22
7070,4
7071,5
7072,57
7073,1
7074,88
7075,29
7076,2
7077,0
7078,64
7079,5
7080,5
7081,17
7082,0
7083,21
7084,8
7085,1
7086,0
7087,47
7088,17
7089,1
7090,41
7091,0
7092,27
7093,21
7094,19
7095,22
7096,41
7097,83
7098,1
7099,3
7100,217
7101,1
7102,61
7103,8
7104,7
7105,38
7106,95
7107,31
7108,2
7109,16
7110,63
7111,24
7112,4
7113,22
7114,33
7115,17
7116,21
7117,41
7118,17
7119,9
7120,30
7121,9
7122,25
7123,32
7124,22
7125,23
7126,45
7127,38
7128,19
7129,22
7130,36
7131,17
7132,11
7133,94
7134,3
7135,1
7136,0
7137,1
7138,41
7139,55
7140,20
7141,17
7142,52
7143,10
7144,3
7145,41
7146,39
7147,147
7148,0
7149,40
7150,108
7151,0
7152,9
7153,1
7154,57
7155,31
7156,5
7157,12
7158,41
7159,12
7160,12
7161,40
7162,17
7163,44
7164,41
7165,30
7166,18
7167,41
7168,20
7169,49
7170,27
7171,21
7172,9
7173,9
7174,27
7175,11
7176,56
7177,17
7178,155
7179,3
7180,11
7181,32
7182,1
7183,12
7184,40
7185,22
7186,31
7187,0
7188,19
7189,13
7190,27
7191,1
7192,23
7193,7
7194,1
7195,22
7196,12
7197,43
7198,9
7199,1
7200,0
7201,6
7202,11
7203,16
7204,86
7205,33
7206,33
7207,4
7208,81
7209,3
7210,116
7211,30
7212,32
7213,10
7214,3
7215,11
7216,0
7217,17
7218,26
7219,11
7220,11
7221,9
7222,56
7223,49
7224,25
7225,46
7226,66
7227,57
7228,33
7229,33
7230,11
7231,71
7232,35
7233,17
7234,65
7235,73
7236,25
7237,19
7238,9
7239,9
7240,11
7241,7
7242,43
7243,51
7244,1
7245,56
7246,116
7247,35
7248,3
7249,35
7250,3
7251,1
7252,8
7253,5
7254,4
7255,0
7256,14
7257,0
7258,67
7259,29
7260,5
7261,27
7262,25
7263,16
7264,0
7265,74
7266,74
7267,37
7268,27
7269,0
7270,45
7271,6
7272,6
7273,35
7274,22
7275,64
7276,21
7277,25
7278,33
7279,27
7280,4
7281,13
7282,16
7283,4
7284,29
7285,8
7286,33
7287,102
7288,2
7289,79
7290,23
7291,7
7292,35
7293,8
7294,26
7295,9
7296,5
7297,31
7298,65
7299,43
7300,25
7301,3
7302,12
7303,35
7304,4
7305,4
7306,25
7307,4
7308,40
7309,14
7310,22
7311,51
7312,22
7313,17
7314,4
7315,20
7316,45
7317,3
7318,109
7319,14
7320,63
7321,0
7322,3
7323,66
7324,24
7325,6
7326,87
7327,7
7328,0
7329,1
7330,21
7331,27
7332,10
7333,5
7334,1
7335,24
7336,8
7337,63
7338,29
7339,15
7340,22
7341,1
7342,45
7343,3
7344,3
7345,12
7346,37
7347,14
7348,0
7349,50
7350,51
7351,75
7352,17
7353,7
7354,33
7355,1
7356,12
7357,21
7358,21
7359,7
7360,12
7361,35
7362,28
7363,59
7364,11
7365,80
7366,61
7367,8
7368,6
7369,12
7370,50
7371,15
7372,24
7373,3
7374,16
7375,10
7376,7
7377,1
7378,1
7379,8
7380,45
7381,13
7382,12
7383,56
7384,75
7385,0
7386,1
7387,54
7388,70
7389,50
7390,9
7391,23
7392,16
7393,8
7394,13
7395,7
7396,10
7397,6
7398,93
7399,3
7400,1
7401,33
7402,5
7403,19
7404,31
7405,3
7406,23
7407,24
7408,5
7409,0
7410,14
7411,6
7412,23
7413,31
7414,23
7415,11
7416,4
7417,61
7418,3
7419,26
7420,9
7421,27
7422,50
7423,7
7424,25
7425,4
7426,5
7427,52
7428,15
7429,45
7430,56
7431,16
7432,27
7433,6
7434,8
7435,13
7436,19
7437,77
7438,36
7439,1
7440,20
7441,60
7442,9
7443,21
7444,14
7445,14
7446,104
7447,37
7448,61
7449,68
7450,1
7451,15
7452,5
7453,65
7454,47
7455,2
7456,8
7457,23
7458,8
7459,68
7460,0
7461,46
7462,15
7463,7
7464,131
7465,1
7466,27
7467,4
7468,10
7469,131
7470,41
7471,4
7472,6
7473,23
7474,14
7475,17
7476,46
7477,39
7478,20
7479,21
7480,9
7480,22
7481,79
7482,288
7483,57
7484,40
7485,21
7486,275
7487,199
7488,219
7489,41
7490,95
7491,14
7492,53
7493,669
7494,3
7495,11
7496,94
7497,133
7498,24
7499,28
7500,204
7501,99
7502,136
7503,5
7504,107
7505,113
7506,192
7507,147
7508,32
7509,16
7510,42
7511,144
7512,104
7513,113
7514,21
7515,50
7516,124
7517,68
7518,358
7519,259
7520,175
7521,45
7522,165
7523,48
7524,43
7525,141
7526,102
7527,100
7528,132
7529,47
7530,124
7531,117
7532,33
7533,15
7534,21
7535,47
7536,64
7537,16
7538,185
7539,195
7540,61
7541,37
7542,219
7543,47
7544,28
7545,165
7546,265
7547,349
7548,67
7549,23
7550,3
7551,24
7552,71
7553,123
7554,78
7555,172
7556,301
7557,92
7558,31
7559,74
7560,11
7561,48
7562,170
7563,199
7564,9
7565,8
7566,523
7567,21
7568,100
7569,37
7570,172
7571,248
7572,152
7573,38
7574,45
7575,216
7576,11
7577,72
7578,32
7579,32
7580,116
7581,231
7582,109
7583,101
7584,58
7585,37
7586,25
7587,230
7588,8
7589,155
7590,1
7591,118
7592,29
7593,59
7594,69
7595,194
7596,2
7597,16
7598,123
7599,90
7600,82
7601,149
7602,531
7603,58
7604,34
7605,83
7606,115
7607,9
7608,32
7609,173
7610,224
7611,197
7612,152
7613,237
7614,25
7615,69
7616,8
7617,82
7618,25
7619,177
7620,53
7621,248
7622,226
7623,93
7624,118
7625,191
7626,55
7627,95
7628,21
7629,91
7630,224
7631,195
7632,45
7633,17
7634,15
7635,103
7636,12
7637,8
7638,4
7639,135
7640,5
7641,101
7642,311
7643,73
7644,122
7645,335
7646,523
7647,61
7648,143
7649,15
7650,199
7651,17
7652,61
7653,141
7654,247
7655,79
7656,74
7657,13
7658,38
7659,89
7660,197
7661,25
7662,336
7663,99
7664,70
7665,264
7666,144
7667,73
7668,29
7669,3
7670,1
7671,185
7672,402
7673,59
7674,157
7675,97
7676,138
7677,12
7678,129
7679,28
7680,4
7681,172
7682,177
7683,600
7684,143
7685,45
7686,272
7687,85
7688,305
7689,33
7690,55
7691,205
7692,87
7693,229
7694,45
7695,7
7696,129
7697,67
7698,355
7699,25
7700,21
7701,37
7702,431
7703,41
7704,58
7705,213
7706,85
7707,24
7708,15
7709,312
7710,175
7711,17
7712,200
7713,19
7714,35
7715,141
7716,11
7717,349
7718,518
7719,301
7720,37
7721,193
7722,143
7723,6
7724,10
7725,11
7726,79
7727,19
7728,29
7729,5
7730,17
7731,48
7732,66
7733,53
7734,77
7735,67
7736,285
7737,303
7738,135
7739,60
7740,215
7741,39
7742,259
7743,653
7744,202
7745,89
7746,28
7747,215
7748,130
7749,70
7750,7
7751,479
7752,271
7753,16
7754,263
7755,61
7756,219
7757,6
7758,83
7759,3
7760,12
7761,206
7762,39
7763,4
7764,328
7765,141
7766,18
7767,231
7768,101
7769,78
7770,45
7771,154
7772,11
7773,196
7774,119
7775,108
7776,37
7777,92
7778,93
7779,215
7780,396
7781,103
7782,21
7783,64
7784,239
7785,48
7786,249
7787,56
7788,35
7789,46
7790,91
7791,45
7792,135
7793,118
7794,86
7795,78
7796,116
7797,312
7798,93
7799,491
7800,381
7801,46
7802,689
7803,84
7804,444
7805,197
7806,119
7807,332
7808,172
7809,301
7810,37
7811,115
7812,27
7813,259
7814,48
7815,199
7816,683
7817,31
7818,85
7819,41
7820,41
7821,16
7822,47
7823,10
7824,48
7825,36
7826,92
7827,12
7828,261
7829,16
7830,179
7831,42
7832,104
7833,41
7834,15
7835,191
7836,54
7837,71
7838,223
7839,252
7840,25
7841,232
7842,834
7843,165
7844,102
7845,43
7846,9
7847,32
7848,4
7849,4
7850,499
7851,211
7852,215
7853,195
7854,23
7855,191
7856,16
7857,32
7858,85
7859,536
7860,59
7861,127
7862,187
7863,108
7864,128
7865,55
7866,11
7867,263
7868,139
7869,307
7870,83
7871,11
7872,43
7873,13
7874,15
7875,20
7876,69
7877,289
7878,84
7879,129
7880,5
7881,70
7882,79
7883,83
7884,7
7885,79
7886,104
7887,60
7888,66
7889,5
7890,85
7891,3
7892,20
7893,5
7894,80
7895,62
7896,11
7897,239
7898,330
7899,155
7900,91
7901,12
7902,192
7903,3
7904,31
7905,138
7906,46
7907,85
7908,87
7909,51
7910,1
7911,27
7912,348
7913,68
7914,151
7915,149
7916,315
7917,77
7918,157
7919,153
7920,38
7921,141
7922,28
7923,97
7924,181
7925,131
7926,171
7927,29
7928,141
7929,117
7930,200
7931,253
7932,76
7933,182
7934,66
7935,72
7936,179
7937,203
7938,28
7939,209
7940,5
7941,59
7942,51
7943,68
7944,219
7945,55
7946,9
7947,14
7948,98
7949,53
7950,79
7951,211
7952,26
7953,170
7954,300
7955,207
7956,101
7957,100
7958,210
7959,45
7960,217
7961,45
7962,371
7963,169
7964,179
7965,136
7966,325
7967,184
7968,130
7969,42
7970,5
7971,40
7972,87
7973,112
7974,5
7975,419
7976,179
7977,10
7978,40
7979,45
7980,276
7981,115
7982,36
7983,40
7984,11
7985,123
7986,222
7987,197
7988,47
7989,48
7990,221
7991,101
7992,351
7993,76
7994,3
7995,123
7996,201
7997,60
7998,206
7999,12
8000,124
8001,40
8002,53
8003,126
8004,141
8005,7
8006,31
8007,211
8008,93
8009,3
8010,321
8011,12
8012,308
8013,55
8014,29
8015,53
8016,28
8017,33
8018,15
8019,165
8020,124
8021,117
8022,107
8023,52
8024,14
8025,239
8026,6
8027,35
8028,157
8029,45
8030,20
8031,36
8032,43
8033,7
8034,31
8035,173
8036,91
8037,245
8038,16
8039,233
8040,43
8041,171
8042,199
8043,97
8044,87
8045,131
8046,597
8047,202
8048,95
8049,75
8050,55
8051,42
8052,171
8053,165
8054,183
8055,7
8056,99
8057,54
8058,93
8059,122
8060,7
8061,75
8062,112
8063,19
8064,205
8065,63
8066,83
8067,4
8068,186
8069,22
8070,101
8071,59
8072,95
8073,127
8074,111
8075,38
8076,65
8077,479
8078,113
8079,217
8080,84
8081,19
8082,11
8083,77
8084,69
8085,52
8086,32
8087,287
8088,171
8089,195
8090,68
8091,62
8092,12
8093,68
8094,415
8095,88
8096,42
8097,541
8098,140
8099,132
8100,519
8101,214
8102,45
8103,36
8104,23
8105,27
8106,23
8107,59
8108,101
8109,243
8110,159
8111,95
8112,19
8113,23
8114,160
8115,89
8116,21
8117,77
8118,397
8119,180
8120,81
8121,3
8122,304
8123,21
8124,15
8125,44
8126,255
8127,106
8128,85
8129,340
8130,8
8131,237
8132,104
8133,7
8134,373
8135,18
8136,8
8137,28
8138,461
8139,91
8140,158
8141,607
8142,20
8143,14
8144,41
8145,93
8146,8
8147,137
8148,43
8149,197
8150,184
8151,24
8152,2
8153,26
8154,103
8155,23
8156,224
8157,7
8158,219
8159,270
8160,113
8161,79
8162,81
8163,4
8164,62
8165,241
8166,222
8167,528
8168,69
8169,422
8170,125
8171,214
8172,4
8173,21
8174,2
8175,3
8176,23
8177,264
8178,294
8179,76
8180,21
8181,161
8182,28
8183,11
8184,12
8185,53
8186,170
8187,176
8188,56
8189,277
8190,5
8191,96
8192,163
8193,33
8194,5
8195,24
8196,85
8196,10
8197,34
8198,37
8199,4
8200,39
8201,31
8202,28
8203,156
8204,215
8205,14
8206,389
8207,21
8208,12
8209,74
8210,34
8211,10
8212,44
8213,88
8214,9
8215,23
8216,24
8217,37
8218,1
8219,45
8220,43
8221,53
8222,20
8223,1
8224,77
8225,4
8226,19
8227,122
8228,18
8229,6
8230,11
8231,84
8232,9
8233,28
8234,21
8235,10
8236,5
8237,52
8238,45
8239,94
8240,164
8241,24
8242,2
8243,183
8244,48
8245,39
8246,96
8247,20
8248,33
8249,7
8250,189
8251,73
8252,101
8253,257
8254,7
8255,24
8256,101
8257,120
8258,43
8259,0
8260,109
8261,17
8262,6
8263,72
8264,117
8265,164
8266,15
8267,56
8268,16
8269,59
8270,59
8271,4
8272,71
8273,71
8274,6
8275,6
8276,9
8277,32
8278,121
8279,41
8280,60
8281,54
8282,35
8283,69
8284,3
8285,197
8286,22
8287,20
8288,19
8289,74
8290,0
8291,21
8292,72
8293,7
8294,80
8295,9
8296,100
8297,11
8298,13
8299,6
8300,45
8301,8
8302,21
8303,3
8304,90
8305,8
8306,85
8307,13
8308,112
8309,38
8310,6
8311,22
8312,29
8313,23
8314,110
8315,137
8316,50
8317,126
8318,69
8319,13
8320,9
8321,76
8322,106
8323,33
8324,39
8325,8
8326,13
8327,19
8328,19
8329,101
8330,10
8331,79
8332,42
8333,7
8334,7
8335,31
8336,27
8337,16
8338,20
8339,7
8340,33
8341,125
8342,38
8343,17
8344,63
8345,7
8346,7
8347,103
8348,7
8349,13
8350,101
8351,99
8352,244
8353,196
8354,100
8355,97
8356,23
8357,18
8358,23
8359,169
8360,11
8361,55
8362,189
8363,43
8364,154
8365,86
8366,60
8367,27
8368,106
8369,2
8370,18
8371,52
8372,36
8373,50
8374,25
8375,39
8376,100
8377,23
8378,79
8379,25
8380,17
8381,41
8382,87
8383,15
8384,141
8385,34
8386,32
8387,32
8388,14
8389,3
8390,59
8391,60
8392,133
8393,16
8394,2
8395,29
8396,70
8397,66
8398,29
8399,73
8400,72
8401,8
8402,128
8403,39
8404,13
8405,12
8406,7
8407,4
8408,11
8409,4
8410,55
8411,78
8412,92
8413,72
8414,13
8415,147
8416,13
8417,12
8418,112
8419,122
8420,15
8421,302
8422,101
8423,69
8424,51
8425,116
8426,7
8427,107
8428,6
8429,44
8430,17
8431,50
8432,202
8433,41
8434,6
8435,20
8436,103
8437,16
8438,21
8439,145
8440,12
8441,4
8442,53
8443,141
8444,265
8445,19
8446,144
8447,16
8448,29
8449,19
8450,100
8451,34
8452,41
8453,29
8454,17
8455,38
8456,12
8457,96
8458,76
8459,45
8460,23
8461,51
8462,78
8463,142
8464,36
8465,54
8466,21
8467,13
8468,375
8469,46
8470,47
8471,135
8472,59
8473,69
8474,108
8475,46
8476,40
8477,19
8478,55
8479,78
8480,23
8481,29
8482,135
8483,116
8484,5
8485,176
8486,67
8487,77
8488,18
8489,6
8490,64
8491,5
8492,5
8493,61
8494,63
8495,91
8496,16
8497,39
8498,99
8499,212
8500,93
8501,15
8502,70
8503,59
8504,6
8505,77
8506,69
8507,24
8508,4
8509,69
8510,62
8511,18
8512,39
8513,39
8514,86
8515,72
8516,28
8517,47
8518,32
8519,3
8520,17
8521,216
8522,125
8523,5
8524,13
8525,9
8526,44
8527,83
8528,82
8529,10
8530,31
8531,24
8532,64
8533,22
8534,63
8535,72
8536,33
8537,23
8538,50
8539,40
8540,6
8541,21
8542,21
8543,40
8544,109
8545,3
8546,63
8547,15
8548,128
8549,7
8550,2
8551,34
8552,100
8553,47
8554,68
8555,9
8556,59
8557,84
8558,349
8559,15
8560,18
8561,127
8562,10
8563,156
8564,395
8565,35
8566,34
8567,11
8568,34
8569,83
8570,53
8571,102
8572,124
8573,8
8574,4
8575,6
8576,4
8577,6
8578,13
8579,2
8580,16
8581,66
8582,7
8583,24
8584,164
8585,28
8586,31
8587,134
8588,80
8589,63
8590,38
8591,106
8592,23
8593,70
8594,78
8595,26
8596,12
8597,49
8598,8
8599,127
8600,41
8601,59
8602,116
8603,20
8604,21
8605,107
8606,42
8607,174
8608,10
8609,47
8610,139
8611,41
8612,38
8613,53
8614,123
8615,80
8616,37
8617,19
8618,97
8619,60
8620,3
8621,65
8622,154
8623,113
8624,274
8625,62
8626,59
8627,23
8628,81
8629,55
8630,29
8631,31
8632,53
8633,4
8634,89
8635,15
8636,91
8637,95
8638,76
8639,48
8640,320
8641,18
8642,43
8643,102
8644,270
8645,86
8646,47
8647,42
8648,25
8649,3
8650,4
8651,16
8652,55
8653,51
8654,9
8655,21
8656,27
8657,98
8658,132
8659,59
8660,200
8661,11
8662,80
8663,5
8664,1
8665,6
8666,263
8667,7
8668,46
8669,11
8670,20
8671,110
8672,59
8673,18
8674,39
8675,134
8676,81
8677,122
8678,0
8679,31
8680,26
8681,24
8682,91
8683,39
8684,14
8685,55
8686,80
8687,123
8688,4
8689,64
8690,67
8691,232
8692,9
8693,60
8694,37
8695,103
8696,22
8697,64
8698,140
8699,5
8700,64
8701,105
8702,40
8703,1
8704,66
8705,13
8706,28
8707,251
8708,4
8709,35
8710,217
8711,31
8712,216
8713,190
8714,20
8715,38
8716,125
8717,92
8718,8
8719,288
8720,7
8721,30
8722,122
8723,27
8724,0
8725,12
8726,37
8727,162
8728,38
8729,182
8730,41
8731,17
8732,45
8733,23
8734,31
8735,60
8736,32
8737,230
8738,27
8739,141
8740,42
8741,55
8742,154
8743,32
8744,13
8745,16
8746,116
8747,19
8748,10
8749,72
8750,23
8751,22
8752,29
8753,12
8754,81
8755,52
8756,14
8757,2
8758,264
8759,63
8760,159
8761,95
8762,14
8763,171
8764,14
8765,34
8766,96
8767,25
8768,74
8769,16
8770,78
8771,17
8772,2
8773,61
8774,32
8775,16
8776,92
8777,10
8778,7
8779,51
8780,74
8781,109
8782,2
8783,3
8784,95
8785,46
8786,93
8787,110
8788,25
8789,70
8790,38
8791,28
8792,96
8793,16
8794,54
8795,5
8796,47
8797,10
8798,4
8799,4
8800,1
8801,32
8802,86
8803,79
8804,100
8805,98
8806,1
8807,19
8808,8
8809,55
8810,90
8811,24
8812,9
8813,28
8814,19
8815,25
8816,42
8817,135
8818,52
8819,22
8820,6
8821,263
8822,6
8823,201
8824,31
8825,59
8826,180
8827,6
8828,44
8829,17
8830,38
8831,71
8832,125
8833,55
8834,31
8835,77
8836,67
8837,23
8838,89
8839,27
8840,58
8841,32
8842,131
8843,93
8844,4
8845,39
8846,63
8847,49
8848,78
8849,68
8850,17
8851,80
8852,252
8853,499
8854,78
8855,3
8856,18
8857,13
8858,17
8859,44
8860,128
8861,141
8862,184
8863,88
8864,21
8865,5
8866,39
8867,56
8868,15
8869,11
8870,157
8871,43
8872,17
8873,34
8874,112
8875,55
8876,76
8877,48
8878,14
8879,26
8880,144
8881,0
8882,199
8883,67
8884,11
8885,136
8886,146
8887,41
8888,40
8889,4
8890,183
8891,19
8892,60
8893,12
8894,21
8895,82
8896,52
8897,117
8898,213
8899,88
8900,46
8901,32
8902,297
8903,2
8904,61
8905,11
8906,5
8907,64
8908,4
8909,39
8910,33
8911,1
8912,148
8913,12
8914,11
8915,111
8916,44
8917,40
8918,11
8919,215
8920,74
8921,153
8922,69
8923,50
8924,15
8925,45
8926,120
8927,16
8928,21
8929,3
8930,41
8931,162
8932,135
8933,10
8934,19
8935,27
8936,49
8937,47
8938,91
8939,159
8940,3
8941,58
8942,13
8943,61
8944,66
8945,131
8946,25
8947,40
8948,45
8949,62
8950,4
8951,159
8952,19
8953,118
8954,16
8955,55
8956,46
8957,95
8958,112
8959,81
8960,108
8961,63
8962,101
8963,182
8964,20
8965,29
8966,89
8967,99
8968,76
8969,17
8970,95
8971,141
8972,15
8973,28
8974,101
8975,63
8976,57
8977,17
8978,3
8979,51
8980,83
8981,15
8982,357
8983,10
8984,4
8985,4
8986,182
8987,22
8988,10
8989,125
8990,3
8991,123
8992,51
8993,42
8994,59
8995,39
8996,65
8997,30
8998,94
8999,18
9000,154
9001,64
9002,44
9003,24
9004,10
9005,76
9006,46
9007,14
9008,111
9009,3
9010,57
9011,22
9012,8
9013,71
9014,109
9015,35
9016,44
9017,15
9018,65
9019,49
9020,57
9021,44
9022,151
9023,81
9024,16
9025,111
9026,50
9027,125
9028,143
9029,68
9030,43
9031,63
9032,114
9033,84
9034,84
9035,55
9036,224
9037,20
9038,28
9039,47
9040,20
9041,60
9042,5
9043,288
9044,79
9045,17
9046,140
9047,76
9048,15
9049,191
9050,71
9051,11
9052,18
9053,83
9054,19
9055,93
9056,72
9057,16
9058,51
9059,11
9060,45
9061,59
9062,71
9063,54
9064,28
9065,67
9066,9
9067,51
9068,13
9069,148
9070,123
9071,28
9072,59
9073,130
9074,60
9075,37
9076,70
9077,70
9078,21
9079,11
9080,5
9081,18
9082,32
9083,50
9084,142
9085,4
9086,3
9087,171
9088,39
9089,7
9090,9
9091,191
9092,93
9093,53
9094,81
9095,29
9096,18
9097,35
9098,29
9099,28
9100,2
9101,19
9102,145
9103,19
9104,10
9105,31
9106,85
9107,248
9108,7
9109,8
9110,56
9111,65
9112,4
9113,42
9114,46
9115,49
9116,48
9117,20
9118,23
9119,8
9120,64
9121,120
9122,159
9123,47
9124,90
9125,43
9126,11
9126,0
9127,110
9128,75
9129,6
9130,57
9131,156
9132,109
9133,131
9134,38
9135,14
9136,189
9137,93
9138,13
9139,153
9140,39
9141,429
9142,27
9143,191
9144,61
9145,580
9146,68
9147,4
9148,21
9149,38
9150,123
9151,53
9152,8
9153,49
9154,4
9155,337
9156,127
9157,33
9158,64
9159,109
9160,68
9161,75
9162,124
9163,247
9164,1
9165,56
9166,319
9167,5
9168,290
9169,44
9170,134
9171,377
9172,93
9173,7
9174,78
9175,96
9176,42
9177,29
9178,61
9179,112
9180,6
9181,81
9182,120
9183,104
9184,32
9185,36
9186,12
9187,137
9188,399
9189,85
9190,189
9191,167
9192,31
9193,9
9194,23
9195,63
9196,60
9197,23
9198,48
9199,29
9200,35
9201,21
9202,229
9203,90
9204,59
9205,100
9206,47
9207,263
9208,11
9209,139
9210,36
9211,175
9212,67
9213,9
9214,413
9215,35
9216,21
9217,134
9218,123
9219,46
9220,28
9221,229
9222,87
9223,4
9224,209
9225,50
9226,604
9227,79
9228,176
9229,35
9230,126
9231,179
9232,17
9233,141
9234,30
9235,67
9236,67
9237,90
9238,93
9239,79
9240,240
9241,5
9242,289
9243,175
9244,155
9245,77
9246,160
9247,124
9248,588
9249,79
9250,20
9251,94
9252,348
9253,130
9254,367
9255,163
9256,20
9256,53
9257,45
9258,162
9259,12
9260,173
9261,40
9262,69
9263,18
9264,75
9265,400
9266,203
9267,355
9268,62
9269,253
9270,15
9271,73
9272,30
9273,184
9274,465
9275,668
9276,39
9277,150
9278,308
9279,232
9280,28
9281,149
9282,141
9283,868
9284,148
9285,146
9286,166
9287,95
9288,33
9289,99
9290,68
9291,177
9292,2
9293,32
9294,11
9295,84
9296,31
9297,23
9298,117
9299,356
9300,42
9301,39
9302,3
9303,323
9304,124
9305,115
9306,69
9307,30
9308,248
9309,133
9310,14
9311,37
9312,86
9313,119
9314,66
9315,14
9316,145
9317,112
9318,187
9319,20
9320,3
9321,21
9322,181
9323,111
9324,2
9325,170
9326,67
9327,197
9328,61
9329,5
9330,96
9331,95
9332,69
9333,156
9334,123
9335,63
9336,2
9337,271
9338,137
9339,20
9340,11
9341,69
9342,282
9343,161
9344,139
9345,95
9346,223
9347,259
9348,88
9349,36
9350,40
9351,23
9352,37
9353,299
9354,101
9355,102
9356,46
9357,300
9358,430
9359,232
9360,97
9361,173
9362,172
9363,284
9364,56
9365,132
9366,143
9367,3
9368,213
9369,174
9370,29
9371,160
9372,36
9373,8
9374,11
9375,53
9376,111
9377,27
9378,181
9379,103
9380,5
9381,110
9382,265
9383,83
9384,24
9385,9
9386,15
9387,193
9388,5
9389,145
9390,123
9391,61
9392,7
9393,228
9394,144
9395,7
9396,15
9397,76
9398,53
9399,17
9400,182
9401,419
9402,16
9403,132
9404,136
9405,47
9406,256
9407,77
9408,174
9409,197
9410,33
9411,21
9412,20
9413,101
9414,333
9415,22
9416,337
9417,109
9418,3
9419,48
9420,59
9421,167
9422,29
9423,98
9424,59
9425,4
9426,26
9427,125
9428,18
9429,92
9430,39
9431,284
9432,29
9433,101
9434,41
9435,2
9436,3
9437,3
9438,99
9439,91
9440,143
9441,37
9442,137
9443,7
9444,75
9445,10
9446,16
9447,29
9448,387
9449,289
9450,151
9451,117
9452,23
9453,189
9454,136
9455,169
9456,55
9457,95
9458,48
9459,23
9460,55
9461,405
9462,5
9463,138
9464,29
9465,83
9466,81
9467,172
9468,14
9469,87
9470,481
9471,4
9472,104
9473,22
9474,11
9475,143
9476,88
9477,7
9478,26
9479,31
9480,100
9481,106
9482,8
9483,11
9484,36
9485,66
9486,114
9487,19
9488,9
9489,139
9490,297
9491,140
9492,140
9493,194
9494,65
9494,110
9495,216
9496,23
9497,97
9498,224
9499,184
9500,13
9501,100
9502,17
9503,149
9504,75
9505,190
9506,36
9507,33
9508,126
9509,24
9510,19
9511,88
9512,220
9513,157
9514,9
9515,23
9516,61
9517,53
9518,55
9519,31
9520,167
9521,127
9522,113
9523,41
9524,39
9525,96
9526,112
9527,172
9528,266
9529,86
9530,103
9531,63
9532,13
9533,184
9534,83
9535,439
9536,4
9537,15
9538,96
9539,87
9540,29
9541,36
9542,30
9543,12
9544,125
9545,5
9546,24
9547,128
9548,177
9549,103
9550,81
9551,6
9552,7
9553,9
9554,41
9555,112
9556,204
9557,413
9558,227
9559,92
9560,176
9561,170
9562,74
9563,32
9564,103
9565,95
9566,207
9567,24
9568,207
9569,95
9570,1053
9571,53
9572,16
9573,9
9574,8
9575,124
9576,44
9577,14
9578,5
9579,5
9580,3
9581,42
9582,5
9583,187
9584,143
9585,215
9586,60
9587,44
9588,207
9589,167
9590,194
9591,24
9592,18
9593,112
9594,90
9595,164
9596,275
9597,161
9598,421
9599,86
9600,289
9601,88
9602,398
9603,49
9604,91
9605,23
9606,93
9607,93
9608,440
9609,39
9610,44
9611,99
9612,21
9613,83
9614,33
9615,13
9616,37
9617,111
9618,21
9619,15
9620,141
9621,178
9622,43
9623,67
9624,76
9625,133
9626,89
9627,21
9628,143
9629,49
9630,145
9631,161
9632,3
9633,50
9634,35
9635,381
9636,343
9637,125
9638,121
9639,77
9640,153
9641,367
9642,65
9643,6
9644,50
9645,120
9646,85
9647,75
9648,94
9649,304
9650,38
9651,135
9652,80
9653,33
9654,140
9655,1
9656,253
9657,63
9658,16
9659,318
9660,85
9661,105
9662,25
9663,62
9664,21
9665,81
9666,46
9667,107
9668,11
9669,2
9670,127
9671,284
9672,72
9673,24
9674,11
9675,8
9676,295
9677,12
9678,277
9679,373
9680,174
9681,407
9682,103
9683,176
9684,300
9685,83
9686,24
9687,31
9688,39
9689,175
9690,219
9691,11
9692,87
9693,99
9694,51
9695,36
9696,36
9697,207
9698,6
9699,16
9700,322
9701,21
9702,31
9703,1
9704,65
9705,53
9706,102
9707,181
9708,61
9709,15
9710,35
9711,82
9712,181
9713,20
9714,355
9715,230
9716,181
9717,225
9718,143
9719,81
9720,85
9721,27
9722,161
9723,32
9724,54
9725,1
9726,105
9727,228
9728,162
9729,14
9730,23
9731,190
9732,522
9733,231
9734,95
9735,27
9736,49
9737,109
9738,38
9739,91
9740,13
9741,63
9742,43
9743,263
9744,757
9745,189
9746,24
9747,72
9748,101
9749,111
9750,36
9751,7
9752,47
9753,139
9754,612
9755,195
9756,49
9757,189
9758,163
9759,16
9760,90
9761,83
9762,25
9763,167
9764,57
9765,11
9766,68
9767,44
9768,78
9769,209
9770,35
9771,13
9772,381
9773,109
9774,75
9775,339
9776,45
9777,193
9778,6
9779,147
9780,78
9781,20
9782,124
9783,117
9784,31
9785,91
9786,259
9787,547
9788,17
9789,221
9790,125
9791,282
9792,14
9793,252
9794,224
9795,1
9796,104
9797,211
9798,12
9799,72
9800,146
9801,1
9802,123
9803,36
9804,254
9805,4
9806,126
9807,16
9808,320
9809,41
9810,427
9811,93
9812,67
9813,115
9814,6
9815,814
9816,357
9817,116
9818,35
9819,10
9820,43
9821,102
9822,144
9823,357
9824,169
9825,110
9826,85
9827,83
9828,181
9829,101
9830,29
9831,90
9832,33
9833,44
9834,17
9835,69
9836,21
9837,160
9838,20
9839,145
9840,85
9841,115
9842,62
9843,17
9844,576
9845,56
9846,160
9847,371
9848,135
9849,53
9850,51
9851,292
9852,117
9853,141
9854,11
9855,359
9856,17
9857,84
9858,28
9859,22
9860,19
9861,423
9862,27
9863,116
9864,217
9865,129
9866,153
9867,2
9868,7
9869,14
9870,141
9871,31
9872,280
9873,55
9874,275
9875,18
9876,14
9877,278
9878,437
9879,19
9880,338
9881,239
9882,45
9883,456
9884,355
9885,31
9886,205
9887,230
9888,39
9889,42
9890,51
9891,20
9892,331
9893,155
9894,131
9895,16
9896,120
9897,164
9898,233
9899,122
9900,45
9901,73
9902,44
9903,120
9904,9
9905,37
9906,133
9907,144
9908,82
9909,0
9910,19
9911,5
9912,10
9913,13
9914,299
9915,195
9916,173
9917,111
9918,55
9919,5
9920,171
9921,9
9922,29
9923,18
9924,223
9925,88
9926,56
9927,10
9928,392
9929,575
9930,106
9931,10
9932,45
9933,182
9934,62
9935,133
9936,162
9937,45
9938,284
9939,333
9940,43
9941,314
9942,365
9943,219
9944,162
9945,56
9946,8
9947,60
9948,197
9949,168
9950,83
9951,451
9952,104
9953,72
9954,21
9955,48
9956,131
9957,55
9958,40
9959,152
9960,96
9961,32
9962,78
9963,323
9964,105
9965,93
9966,71
9967,13
9968,24
9969,113
9970,231
9971,90
9972,47
9973,239
9974,11
9975,3
9976,129
9977,79
9978,92
9979,408
9980,211
9981,218
9982,81
9983,169
9984,148
9985,71
9986,114
9987,49
9988,231
9989,99
9990,251
9991,123
9992,6
9993,219
9994,674
9995,187
9996,8
9997,15
9998,134
9999,13
10000,43
10001,107
10002,301
10003,20
10004,53
10005,11
10006,63
10007,239
10008,10
10009,535
10010,62
10011,10
10012,9
10013,163
10014,52
10015,135
10016,72
10017,11
10018,28
10019,156
10020,333
10021,196
10022,145
10023,54
10024,54
10025,108
10026,402
10027,175
10028,14
10029,131
10030,22
10031,91
10032,129
10033,124
10034,22
10035,31
10036,69
10037,57
10038,36
10039,160
10040,159
10041,53
10042,53
10043,13
10044,8
10045,325
10046,252
10047,12
10048,35
10049,140
10050,71
10051,291
10052,158
10053,502
10054,341
10055,3
10056,357
10057,107
10058,45
10059,152
10060,154
10061,9
10062,165
10063,356
10064,210
10065,164
10066,51
10067,41
10068,184
10069,219
10070,44
10071,225
10072,128
10073,220
10074,111
10075,41
10076,39
10077,183
10078,265
10079,227
10080,564
10081,116
10082,274
10083,189
10084,39
10085,217
10086,36
10087,68
10088,475
10089,47
10090,34
10091,74
10092,290
10093,35
10094,49
10095,55
10096,64
10097,53
10098,237
10099,31
10100,15
10101,159
10102,24
10103,51
10104,89
10105,27
10106,14
10107,43
10108,23
10109,381
10110,31
10111,13
10112,30
10113,60
10114,3
10115,44
10116,354
10117,65
10118,82
10119,821
10120,264
10121,24
10122,72
10123,259
10124,120
10125,79
10126,14
10127,159
10128,584
10129,9
10130,79
10131,192
10132,40
10133,408
10134,156
10135,333
10136,300
10137,35
10138,136
10139,224
10140,472
10141,100
10142,56
10143,11
10144,222
10145,3
10146,39
10147,404
10148,258
10149,179
10150,229
10151,50
10152,33
10153,96
10154,27
10155,91
10156,90
10157,89
10158,194
10159,396
10160,11
10161,11
10162,212
10163,101
10164,64
10165,23
10166,5
10167,45
10168,9
10169,133
10170,123
10171,37
10172,191
10173,27
10174,29
10175,9
10176,111
10177,119
10178,91
10179,122
10180,19
10181,513
10182,11
10183,271
10184,265
10185,96
10186,404
10187,253
10188,386
10189,106
10190,157
10191,13
10192,205
10193,0
10194,373
10195,221
10196,215
10197,75
10198,297
10199,16
10200,152
10201,104
10202,71
10203,37
10204,100
10205,80
10206,157
10207,237
10208,384
10209,29
10210,111
10211,107
10212,18
10213,48
10214,189
10215,33
10216,2
10217,221
10218,579
10219,37
10220,289
10221,59
10222,369
10223,277
10224,36
10225,88
10226,105
10227,85
10228,42
10229,51
10230,21
10231,13
10232,221
10233,61
10234,188
10235,307
10236,122
10237,9
10238,248
10239,141
10240,108
10241,357
10242,113
10243,206
10244,37
10245,23
10246,36
10247,197
10248,15
10249,340
10250,49
10251,21
10252,405
10253,104
10254,616
10255,232
10256,97
10257,331
10258,165
10259,198
10260,111
10261,25
10262,583
10263,207
10264,12
10265,309
10266,26
10267,675
10268,153
10269,272
10270,37
10271,206
10272,389
10273,205
10274,56
10275,160
10276,93
10277,448
10278,33
10279,16
10280,204
10281,118
10282,49
10283,269
10284,516
10285,260
10286,287
10287,207
10288,391
10289,400
10290,165
10291,819
10292,649
10293,44
10294,13
10295,13
10296,381
10297,380
10298,27
10299,325
10300,57
10301,225
10302,396
10303,214
10304,142
10305,61
10306,168
10307,136
10308,60
10309,99
10310,170
10311,170
10312,313
10313,144
10314,113
10315,91
10316,76
10317,228
10318,56
10319,19
10320,158
10321,392
10322,15
10323,275
10324,42
10325,255
10326,177
10327,186
10328,53
10329,21
10330,69
10331,197
10332,27
10333,82
10334,15
10335,36
10336,161
10337,475
10338,189
10339,55
10340,262
10341,147
10342,54
10343,245
10344,152
10345,66
10346,26
10347,173
10348,106
10349,122
10350,15
10351,312
10352,433
10353,192
10354,197
10355,231
10356,32
10357,115
10358,12
10359,9
10360,108
10361,6
10362,135
10363,101
10364,64
10365,141
10366,167
10367,212
10368,214
10369,113
10370,170
10371,43
10372,541
10373,655
10374,255
10375,147
10376,336
10377,514
10378,12
10379,46
10380,40
10381,80
10382,48
10383,157
10384,336
10385,223
10386,251
10387,50
10388,285
10389,148
10390,139
10391,13
10392,120
10393,107
10394,173
10395,223
10396,111
10397,108
10398,31
10399,287
10400,91
10401,246
10402,71
10403,136
10404,196
10405,79
10406,60
10407,1194
10408,31
10409,21
10410,75
10411,550
10412,13
10413,4
10414,60
10415,29
10416,129
10417,146
10418,258
10419,4
10420,433
10421,47
10422,61
10423,17
10424,236
10425,16
10426,623
10427,69
10428,357
10429,39
10430,162
10431,229
10432,179
10433,31
10434,247
10435,65
10436,91
10437,4
10438,55
10439,126
10440,39
10441,14
10442,119
10443,242
10444,197
10445,579
10446,194
10447,520
10448,139
10449,40
10450,46
10451,42
10452,29
10453,114
10454,149
10455,39
10456,39
10457,31
10458,100
10459,36
10460,27
10461,5
10462,111
10463,61
10464,119
10465,32
10466,53
10467,196
10468,168
10469,232
10470,549
10471,205
10472,159
10473,12
10474,211
10475,69
10476,153
10477,162
10478,105
10479,95
10480,664
10481,829
10482,124
10483,73
10484,7
10485,27
10486,845
10487,574
10488,5
10489,5
10490,456
10491,55
10492,445
10493,72
10494,267
10495,287
10496,127
10497,141
10498,15
10499,470
10500,688
10501,128
10502,222
10503,183
10504,631
10505,133
10506,16
10507,51
10508,44
10509,651
10510,137
10511,102
10512,88
10513,86
10514,81
10515,142
10516,290
10517,5
10518,45
10519,280
10520,37
10521,171
10522,197
10523,59
10524,60
10525,11
10526,36
10527,101
10528,85
10529,598
10530,145
10531,141
10532,1
10533,61
10534,287
10535,166
10536,205
10537,455
10538,39
10539,638
10540,44
10541,407
10542,125
10543,175
10544,111
10545,45
10546,75
10547,607
10548,5
10549,98
10550,53
10551,78
10552,127
10553,37
10554,333
10555,91
10556,7
10557,320
10558,160
10559,595
10560,24
10561,41
10562,42
10563,158
10564,471
10565,170
10566,245
10567,51
10568,37
10569,264
10570,44
10571,261
10572,295
10573,307
10574,61
10575,91
10576,23
10577,71
10578,31
10579,24
10580,15
10581,181
10582,193
10583,495
10584,472
10585,680
10586,93
10587,51
10588,112
10589,168
10590,93
10591,722
10592,245
10593,45
10594,98
10595,151
10596,73
10597,7
10598,67
10599,97
10600,19
10601,64
10602,50
10603,175
10604,317
10605,82
10606,384
10607,91
10608,494
10609,190
10610,50
10611,38
10612,21
10613,44
10614,69
10615,131
10616,60
10617,185
10618,109
10619,29
10620,85
10621,137
10622,475
10623,424
10624,98
10625,191
10626,247
10627,51
10628,253
10629,279
10630,103
10631,93
10632,212
10633,128
10634,311
10635,92
10636,253
10637,463
10638,528
10639,17
10640,223
10641,284
10642,52
10643,133
10644,8
10645,60
10646,72
10647,55
10648,273
10649,84
10650,35
10651,13
10652,16
10653,93
10654,7
10655,187
10656,215
10657,1
10658,47
10659,83
10660,47
10661,213
10662,491
10663,269
10664,250
10665,218
10666,449
10667,184
10668,57
10669,55
10670,121
10671,173
10672,115
10673,97
10674,114
10675,10
10676,97
10677,79
10678,9
10679,143
10680,47
10681,159
10682,232
10683,80
10684,147
10685,84
10686,189
10687,393
10688,32
10689,107
10690,135
10691,87
10692,101
10693,44
10694,197
10695,117
10696,58
10697,25
10698,216
10699,69
10700,200
10701,625
10702,127
10703,88
10704,103
10705,31
10706,115
10707,211
10708,141
10709,251
10710,300
10711,384
10712,155
10713,76
10714,34
10715,155
10716,411
10717,7
10718,49
10719,133
10720,59
10721,144
10722,130
10723,573
10724,218
10725,114
10726,44
10727,90
10728,221
10729,3
10730,456
10731,135
10732,165
10733,449
10734,148
10735,271
10736,25
10737,637
10738,440
10739,173
10740,141
10741,64
10742,127
10743,240
10744,165
10745,160
10746,428
10747,198
10748,71
10749,341
10750,376
10751,45
10752,87
10753,65
10754,64
10755,265
10756,85
10757,503
10758,99
10759,143
10760,285
10761,175
10762,176
10763,155
10764,186
10765,151
10766,204
10767,142
10768,141
10769,97
10770,225
10771,309
10772,295
10773,15
10774,101
10775,79
10776,103
10777,416
10778,101
10779,23
10780,175
10781,91
10782,264
10783,66
10784,36
10785,104
10786,140
10787,37
10788,337
10789,48
10790,128
10791,535
10792,55
10793,258
10794,17
10795,42
10796,222
10797,114
10798,24
10799,412
10800,118
10801,254
10802,413
10803,385
10804,90
10805,52
10806,959
10807,155
10808,6
10809,321
10810,87
10811,287
10812,95
10813,101
10814,68
10815,48
10816,3
10817,119
10818,123
10819,59
10820,90
10821,47
10822,61
10823,676
10824,5
10825,257
10826,312
10827,300
10828,76
10829,317
10830,705
10831,153
10832,71
10833,17
10834,22
10835,346
10836,5
10837,41
10838,89
10839,117
10840,270
10841,447
10842,324
10843,35
10844,141
10845,129
10846,81
10847,132
10848,441
10849,127
10850,12
10851,93
10852,237
10853,134
10854,3
10855,63
10856,192
10857,21
10858,489
10859,129
10860,155
10861,90
10862,464
10863,123
10864,213
10865,420
10866,809
10867,340
10868,415
10869,212
10870,462
10871,40
10872,379
10873,69
10874,444
10875,219
10876,27
10877,213
10878,167
10879,35
10880,37
10881,68
10882,1
10883,32
10884,45
10885,202
10886,198
10887,215
10888,3
10889,97
10890,67
10891,389
10892,117
10893,264
10894,171
10895,475
10896,115
10897,32
10898,27
10899,6
10900,27
10901,56
10902,161
10903,235
10904,16
10905,289
10906,53
10907,62
10908,49
10909,78
10910,93
10911,37
10912,129
10913,390
10914,11
10915,125
10916,69
10917,138
10918,21
10919,142
10920,652
10921,149
10922,655
10923,67
10924,413
10925,88
10926,9
10927,276
10928,176
10929,3
10930,16
10931,117
10932,672
10933,248
10934,243
10935,121
10936,353
10937,57
10938,63
10939,8
10940,53
10941,105
10942,41
10943,208
10944,221
10945,122
10946,247
10947,65
10948,68
10949,77
10950,66
10951,524
10952,176
10953,22
10954,188
10955,22
10956,184
10957,85
10958,29
10959,65
10960,14
10961,87
10962,65
10963,255
10964,122
10965,48
10966,202
10967,172
10968,569
10969,166
10970,108
10971,163
10972,168
10973,53
10974,271
10975,253
10976,131
10977,45
10978,167
10979,16
10980,20
10981,369
10982,36
10983,32
10984,80
10985,227
10986,91
10987,57
10988,226
10989,375
10990,11
10991,19
10992,77
10993,157
10994,493
10995,11
10996,93
10997,39
10998,251
10999,87
11000,304
11001,25
11002,128
11003,8
11004,116
11005,57
11006,69
11007,140
11008,71
11009,359
11010,39
11011,16
11012,157
11013,112
11014,37
11015,29
11016,64
11017,185
11018,343
11019,635
11020,547
11021,430
11022,112
11023,79
11024,364
11025,100
11026,56
11027,163
11028,995
11029,551
11030,108
11031,611
11032,207
11033,17
11034,474
11035,173
11036,37
11037,527
11038,15
11039,161
11040,74
11041,75
11042,264
11043,77
11044,54
11045,149
11046,46
11047,31
11048,197
11049,27
11050,42
11051,43
11052,53
11053,41
11054,259
11055,10
11056,183
11057,73
11058,157
11059,15
11060,68
11061,157
11062,438
11063,19
11064,49
11065,137
11066,47
11067,15
11068,19
11069,67
11070,204
11071,6
11072,113
11073,285
11074,132
11075,295
11076,153
11077,223
11078,241
11079,57
11080,33
11081,13
11082,393
11083,324
11084,103
11085,47
11086,274
11087,320
11088,140
11089,378
11090,7
11091,859
11092,172
11093,799
11094,127
11095,48
11096,370
11097,357
11098,159
11099,295
11100,99
11101,106
11102,95
11103,128
11104,25
11105,13
11106,531
11107,67
11108,837
11109,17
11110,277
11111,21
11112,255
11113,91
11114,14
11115,135
11116,281
11117,40
11118,376
11119,181
11120,201
11121,10
11122,176
11123,192
11124,245
11125,553
11126,151
11127,136
11128,150
11129,370
11130,5
11131,73
11132,29
11133,5
11134,288
11135,296
11136,431
11137,581
11138,167
11139,35
11140,331
11141,11
11142,107
11143,15
11144,75
11145,31
11146,59
11147,9
11148,337
11149,724
11150,190
11151,149
11152,456
11153,125
11154,16
11155,39
11156,116
11157,112
11158,467
11159,35
11160,145
11161,92
11162,249
11163,31
11164,363
11165,201
11166,8
11167,51
11168,14
11169,29
11170,277
11171,80
11172,329
11173,182
11174,204
11175,345
11176,49
11177,5
11178,117
11179,273
11180,408
11181,18
11182,121
11183,17
11184,408
11185,160
11186,461
11187,5
11188,328
11189,93
11190,290
11191,171
11192,207
11193,24
11194,63
11195,68
11196,27
11197,85
11198,49
11199,121
11200,265
11201,210
11202,11
11203,11
11204,64
11205,24
11206,80
11207,20
11208,276
11209,150
11210,513
11211,140
11212,24
11213,225
11214,127
11215,254
11216,416
11217,211
11218,325
11219,171
11220,983
11221,556
11222,313
11223,135
11224,49
11225,300
11226,82
11227,92
11228,33
11229,41
11230,76
11231,169
11232,221
11233,421
11234,11
11235,11
11236,283
11237,143
11238,86
11239,43
11240,657
11241,151
11242,130
11243,41
11244,228
11245,8
11246,7
11247,450
11248,12
11249,488
11250,111
11251,36
11252,25
11253,223
11254,56
11255,328
11256,659
11257,79
11258,124
11259,276
11260,139
11261,75
11262,378
11263,109
11264,85
11265,625
11266,207
11267,261
11268,56
11269,555
11270,19
11271,105
11272,189
11273,245
11274,27
11275,88
11276,238
11277,69
11278,417
11279,97
11280,37
11281,214
11282,185
11283,58
11284,216
11285,101
11286,636
11287,13
11288,111
11289,75
11290,372
11291,331
11292,36
11293,391
11294,346
11295,256
11296,205
11297,111
11298,161
11299,167
11300,420
11301,183
11302,168
11303,96
11304,297
11305,26
11306,97
11307,124
11308,140
11309,191
11310,87
11311,237
11312,138
11313,149
11314,9
11315,102
11316,135
11317,180
11318,220
11319,587
11320,221
11321,171
11322,2
11323,49
11324,169
11325,22
11326,295
11327,125
11328,74
11329,197
11330,31
11331,549
11332,236
11333,221
11334,68
11335,74
11336,23
11337,63
11338,268
11339,39
11340,4
11341,316
11342,557
11343,20
11344,277
11345,445
11346,157
11347,95
11348,58
11349,59
11350,147
11351,416
11352,111
11353,277
11354,150
11355,15
11356,12
11357,35
11358,268
11359,144
11360,111
11361,6
11362,53
11363,61
11364,449
11365,180
11366,177
11367,119
11368,561
11369,219
11370,216
11371,64
11372,51
11373,49
11374,50
11375,57
11376,61
11377,489
11378,204
11379,197
11380,124
11381,587
11382,419
11383,361
11384,249
11385,5
11386,50
11387,88
11388,211
11389,9
11390,40
11391,38
11392,64
11393,290
11394,295
11395,745
11396,234
11397,120
11398,42
11399,553
11400,195
11401,134
11402,352
11403,96
11404,106
11405,12
11406,330
11407,198
11408,329
11409,162
11410,209
11411,17
11412,45
11413,8
11414,90
11415,335
11416,69
11417,154
11418,40
11419,5
11420,109
11421,100
11422,800
11423,572
11424,8
11425,52
11426,80
11427,215
11428,35
11429,241
11430,367
11431,259
11432,49
11433,53
11434,114
11435,222
11436,255
11437,231
11438,171
11439,66
11440,180
11441,77
11442,21
11443,161
11444,211
11445,39
11446,173
11447,382
11448,177
11449,73
11450,147
11451,96
11452,64
11453,203
11454,75
11455,247
11456,19
11457,67
11458,32
11459,551
11460,112
11461,37
11462,377
11463,407
11464,175
11465,425
11466,55
11467,61
11468,8
11469,33
11470,349
11471,204
11472,107
11473,82
11474,315
11475,131
11476,50
11477,45
11478,15
11479,438
11480,4
11481,68
11482,66
11483,444
11484,137
11485,360
11486,193
11487,452
11488,77
11489,83
11490,71
11491,80
11492,38
11493,199
11494,107
11495,64
11496,569
11497,1
11498,113
11499,55
11500,197
11501,164
11502,453
11503,318
11504,122
11505,17
11506,437
11507,165
11508,472
11509,175
11510,61
11511,186
11512,481
11513,39
11514,85
11515,426
11516,5
11517,5
11518,379
11519,39
11520,120
11521,114
11522,3
11523,53
11524,285
11525,870
11526,88
11527,13
11528,96
11529,115
11530,221
11531,59
11532,115
11533,104
11534,159
11535,60
11536,270
11537,12
11538,3
11539,307
11540,217
11541,154
11542,461
11543,142
11544,25
11545,55
11546,207
11547,113
11548,39
11549,177
11550,15
11551,60
11552,193
11553,28
11554,5
11555,75
11556,19
11557,163
11558,177
11559,203
11560,65
11561,28
11562,195
11563,452
11564,5
11565,65
11566,546
11567,567
11568,533
11569,285
11570,15
11571,551
11572,112
11573,106
11574,31
11575,2
11576,88
11577,80
11578,50
11579,350
11580,136
11581,57
11582,683
11583,198
11584,329
11585,260
11586,665
11587,372
11588,122
11589,45
11590,172
11591,471
11592,277
11593,38
11594,759
11595,7
11596,9
11597,473
11598,156
11599,653
11600,123
11601,284
11602,110
11603,212
11604,27
11605,613
11606,38
11607,109
11608,66
11609,575
11610,16
11611,689
11612,30
11613,23
11614,83
11615,4
11616,147
11617,509
11618,195
11619,73
11620,51
11621,101
11622,244
11623,45
11624,53
11625,673
11626,35
11627,811
11628,415
11629,156
11630,540
11631,62
11632,27
11633,260
11634,53
11635,136
11636,65
11637,206
11638,117
11639,131
11640,235
11641,10
11642,683
11643,55
11644,3
11645,79
11646,101
11647,60
11648,76
11649,32
11650,3
11651,4
11652,94
11653,69
11654,260
11655,315
11656,413
11657,153
11658,963
11659,175
11660,485
11661,311
11662,145
11663,316
11664,87
11665,62
11666,469
11667,428
11668,167
11669,115
11670,158
11671,23
11672,149
11673,412
11674,683
11675,195
11676,15
11677,443
11678,170
11679,542
11680,13
11681,493
11682,52
11683,43
11684,113
11685,192
11686,534
11687,60
11688,839
11689,224
11690,387
11691,143
11692,336
11693,64
11694,727
11695,207
11696,848
11697,200
11698,5
11699,139
11700,232
11701,412
11702,97
11703,158
11704,291
11705,44
11706,334
11707,106
11708,137
11709,65
11710,59
11711,244
11712,311
11713,35
11714,35
11715,154
11716,491
11717,107
11718,154
11719,168
11720,480
11721,733
11722,253
11723,269
11724,19
11725,111
11726,187
11727,104
11728,47
11729,156
11730,64
11731,892
11732,11
11733,235
11734,138
11735,639
11736,271
11737,342
11738,195
11739,137
11740,115
11741,250
11742,330
11743,282
11744,9
11745,104
11746,47
11747,533
11748,19
11749,847
11750,128
11751,115
11752,8
11753,49
11754,197
11755,464
11756,425
11757,62
11758,134
11759,126
11760,119
11761,33
11762,76
11763,79
11764,255
11765,20
11766,478
11767,274
11768,104
11769,348
11770,8
11771,191
11772,325
11773,124
11774,148
11775,89
11776,163
11777,154
11778,283
11779,195
11780,73
11781,991
11782,515
11783,85
11784,297
11785,5
11786,311
11787,54
11788,275
11789,30
11790,301
11791,539
11792,240
11793,458
11794,211
11795,546
11796,219
11797,169
11798,483
11799,20
11800,7
11801,496
11802,97
11803,1015
11804,636
11805,358
11806,526
11807,28
11808,140
11809,32
11810,56
11811,164
11812,21
11813,59
11814,763
11815,247
11816,3
11817,483
11818,262
11819,445
11820,88
11821,176
11822,237
11823,157
11824,113
11825,223
11826,86
11827,205
11828,384
11829,132
11830,16
11831,28
11832,46
11833,683
11834,344
11835,53
11836,11
11837,70
11838,22
11839,477
11840,54
11841,411
11842,237
11843,43
11844,61
11845,131
11846,289
11847,4
11848,5
11849,297
11850,39
11851,9
11852,16
11853,335
11854,251
11855,144
11856,187
11857,1340
11858,16
11859,215
11860,247
11861,151
11862,124
11863,13
11864,41
11865,47
11866,501
11867,624
11868,377
11869,26
11870,68
11871,55
11872,229
11873,117
11874,614
11875,42
11876,187
11877,199
11878,323
11879,81
11880,667
11881,17
11882,136
11883,157
11884,5
11885,967
11886,97
11887,12
11888,62
11889,287
11890,153
11891,255
11892,144
11893,220
11894,16
11895,64
11896,87
11897,547
11898,215
11899,1
11900,78
11901,40
11902,207
11903,660
11904,341
11905,1
11906,494
11907,59
11908,15
11909,60
11910,97
11911,151
11912,271
11913,78
11914,55
11915,136
11916,30
11917,213
11918,180
11919,72
11920,83
11921,200
11922,671
11923,144
11924,55
11925,23
11926,303
11927,40
11928,37
11929,79
11930,34
11931,38
11932,265
11933,70
11934,173
11935,390
11936,91
11937,164
11938,709
11939,33
11940,134
11941,1432
11942,125
11943,101
11944,26
11945,261
11946,23
11947,88
11948,440
11949,648
11950,93
11951,223
11952,5
11953,47
11954,11
11955,153
11956,483
11957,530
11958,308
11959,339
11960,185
11961,121
11962,228
11963,42
11964,137
11965,7
11966,205
11967,59
11968,60
11969,13
11970,67
11971,435
11972,181
11973,507
11974,130
11975,39
11976,48
11977,305
11978,29
11979,20
11980,121
11981,452
11982,317
11983,54
11984,159
11985,203
11986,148
11987,21
11988,14
11989,69
11990,65
11991,37
11992,281
11993,71
11994,264
11995,748
11996,105
11997,1123
11998,79
11999,422
12000,60
12001,180
12002,121
12003,443
12004,11
12005,292
12006,23
12007,206
12008,335
12009,84
12010,62
12011,471
12012,46
12013,146
12014,520
12015,269
12016,108
12017,173
12018,4
12019,54
12020,531
12021,566
12022,191
12023,453
12024,29
12025,339
12026,183
12027,99
12028,18
12029,345
12030,606
12031,95
12032,58
12033,47
12034,324
12035,287
12036,1280
12037,162
12038,835
12039,190
12040,229
12041,269
12042,121
12043,20
12044,380
12045,111
12046,849
12047,147
12048,33
12049,619
12050,69
12051,83
12052,19
12053,218
12054,475
12055,39
12056,21
12057,13
12058,246
12059,71
12060,224
12061,189
12062,174
12063,14
12064,61
12065,76
12066,121
12067,57
12068,187
12069,76
12070,220
12071,53
12072,70
12073,187
12074,187
12075,1255
12076,7
12077,396
12078,307
12079,203
12080,353
12081,8
12082,95
12083,447
12084,122
12085,213
12086,60
12087,131
12088,69
12089,49
12090,39
12091,25
12092,147
12093,5
12094,507
12095,97
12096,523
12097,400
12098,75
12099,796
12100,117
12101,110
12102,220
12103,460
12104,33
12105,761
12106,189
12107,18
12108,237
12109,28
12110,68
12111,135
12112,433
12113,25
12114,20
12115,15
12116,239
12117,352
12118,285
12119,31
12120,38
12121,381
12122,62
12123,140
12124,300
12125,709
12126,263
12127,335
12128,597
12129,303
12130,51
12131,65
12132,408
12133,639
12134,405
12135,357
12136,87
12137,669
12138,7
12139,403
12140,46
12141,447
12142,752
12143,197
12144,205
12145,3
12146,661
12147,55
12148,33
12149,479
12150,282
12151,1367
12152,430
12153,289
12154,121
12155,375
12156,54
12157,282
12158,341
12159,175
12160,231
12161,630
12162,681
12163,45
12164,753
12165,335
12166,420
12167,63
12168,634
12169,26
12170,39
12171,89
12172,199
12173,138
12174,173
12175,318
12176,140
12177,390
12178,365
12179,4
12180,220
12181,80
12182,342
12183,28
12184,348
12185,289
12186,57
12187,556
12188,74
12189,283
12190,769
12191,27
12192,79
12193,331
12194,384
12195,11
12196,515
12197,167
12198,804
12199,271
12200,76
12201,262
12202,38
12203,11
12204,120
12205,277
12206,13
12207,767
12208,4
12209,633
12210,173
12211,244
12212,93
12213,617
12214,757
12214,77
